feature,block,presences,interpretation
a,morph,8,"1 = may exhibit the property; 0 = never does, in the source coding"
another,morph,3,"1 = may exhibit the property; 0 = never does, in the source coding"
any,morph,5,"1 = may exhibit the property; 0 = never does, in the source coding"
body,morph,4,"1 = may exhibit the property; 0 = never does, in the source coding"
certain,morph,2,"1 = may exhibit the property; 0 = never does, in the source coding"
day,morph,2,"1 = may exhibit the property; 0 = never does, in the source coding"
each,morph,2,"1 = may exhibit the property; 0 = never does, in the source coding"
either,morph,2,"1 = may exhibit the property; 0 = never does, in the source coding"
ever,morph,14,"1 = may exhibit the property; 0 = never does, in the source coding"
every,morph,5,"1 = may exhibit the property; 0 = never does, in the source coding"
few,morph,4,"1 = may exhibit the property; 0 = never does, in the source coding"
her,morph,4,"1 = may exhibit the property; 0 = never does, in the source coding"
him,morph,2,"1 = may exhibit the property; 0 = never does, in the source coding"
it,morph,4,"1 = may exhibit the property; 0 = never does, in the source coding"
its,morph,2,"1 = may exhibit the property; 0 = never does, in the source coding"
little,morph,2,"1 = may exhibit the property; 0 = never does, in the source coding"
many,morph,2,"1 = may exhibit the property; 0 = never does, in the source coding"
many_a,morph,2,"1 = may exhibit the property; 0 = never does, in the source coding"
my,morph,2,"1 = may exhibit the property; 0 = never does, in the source coding"
no,morph,6,"1 = may exhibit the property; 0 = never does, in the source coding"
no_one,morph,2,"1 = may exhibit the property; 0 = never does, in the source coding"
one,morph,11,"1 = may exhibit the property; 0 = never does, in the source coding"
one_s,morph,2,"1 = may exhibit the property; 0 = never does, in the source coding"
other,morph,3,"1 = may exhibit the property; 0 = never does, in the source coding"
our,morph,3,"1 = may exhibit the property; 0 = never does, in the source coding"
ours,morph,2,"1 = may exhibit the property; 0 = never does, in the source coding"
self,morph,10,"1 = may exhibit the property; 0 = never does, in the source coding"
some,morph,6,"1 = may exhibit the property; 0 = never does, in the source coding"
their,morph,4,"1 = may exhibit the property; 0 = never does, in the source coding"
theirs,morph,2,"1 = may exhibit the property; 0 = never does, in the source coding"
them,morph,4,"1 = may exhibit the property; 0 = never does, in the source coding"
they,morph,2,"1 = may exhibit the property; 0 = never does, in the source coding"
thing,morph,4,"1 = may exhibit the property; 0 = never does, in the source coding"
to,morph,3,"1 = may exhibit the property; 0 = never does, in the source coding"
us,morph,2,"1 = may exhibit the property; 0 = never does, in the source coding"
we,morph,2,"1 = may exhibit the property; 0 = never does, in the source coding"
what,morph,5,"1 = may exhibit the property; 0 = never does, in the source coding"
whatever,morph,2,"1 = may exhibit the property; 0 = never does, in the source coding"
where,morph,4,"1 = may exhibit the property; 0 = never does, in the source coding"
which,morph,5,"1 = may exhibit the property; 0 = never does, in the source coding"
whichever,morph,2,"1 = may exhibit the property; 0 = never does, in the source coding"
who,morph,11,"1 = may exhibit the property; 0 = never does, in the source coding"
whoever,morph,2,"1 = may exhibit the property; 0 = never does, in the source coding"
whom,morph,2,"1 = may exhibit the property; 0 = never does, in the source coding"
whose,morph,2,"1 = may exhibit the property; 0 = never does, in the source coding"
whosoever,morph,2,"1 = may exhibit the property; 0 = never does, in the source coding"
you,morph,9,"1 = may exhibit the property; 0 = never does, in the source coding"
your,morph,6,"1 = may exhibit the property; 0 = never does, in the source coding"
yours,morph,2,"1 = may exhibit the property; 0 = never does, in the source coding"
genitive_case,morph,22,"1 = may exhibit the property; 0 = never does, in the source coding"
accusative_case,morph,11,"1 = may exhibit the property; 0 = never does, in the source coding"
nominative_case,morph,11,"1 = may exhibit the property; 0 = never does, in the source coding"
in_word_formation_e_g_a_many_sided_shape,morph,29,"1 = may exhibit the property; 0 = never does, in the source coding"
has_derivationtionally_related_words,morph,79,"1 = may exhibit the property; 0 = never does, in the source coding"
has_corresponding_word,morph,38,"1 = may exhibit the property; 0 = never does, in the source coding"
compound_word,morph,48,"1 = may exhibit the property; 0 = never does, in the source coding"
inflects_for_case,morph,75,"1 = may exhibit the property; 0 = never does, in the source coding"
paradigm_has_distinct_acc_form,morph,41,"1 = may exhibit the property; 0 = never does, in the source coding"
paradigm_has_genitive_form,morph,52,"1 = may exhibit the property; 0 = never does, in the source coding"
paradigm_has_distinct_independent_genitive_form,morph,33,"1 = may exhibit the property; 0 = never does, in the source coding"
paradigm_has_distinct_self_form,morph,43,"1 = may exhibit the property; 0 = never does, in the source coding"
paradigm_has_comparative_and_superlative_forms,morph,10,"1 = may exhibit the property; 0 = never does, in the source coding"
paradigm_has_distinct_plural_form,morph,22,"1 = may exhibit the property; 0 = never does, in the source coding"
does_not_inflect,morph,62,"1 = may exhibit the property; 0 = never does, in the source coding"
Monmorphemic,morph,70,"1 = may exhibit the property; 0 = never does, in the source coding"
Must_be_stressed_as_object_after_particle,phon,40,"1 = may exhibit the property; 0 = never does, in the source coding"
Start_with_th,phon,17,"1 = may exhibit the property; 0 = never does, in the source coding"
Start_with_hw,phon,9,"1 = may exhibit the property; 0 = never does, in the source coding"
anaphoric_marker,sem,89,"1 = may exhibit the property; 0 = never does, in the source coding"
deictic_marker,sem,35,"1 = may exhibit the property; 0 = never does, in the source coding"
person_deixis,sem,30,"1 = may exhibit the property; 0 = never does, in the source coding"
pro_form,sem,64,"1 = may exhibit the property; 0 = never does, in the source coding"
personal_gender_as_head_or_fused_head,sem,55,"1 = may exhibit the property; 0 = never does, in the source coding"
non_personal_gender,sem,32,"1 = may exhibit the property; 0 = never does, in the source coding"
epicene_personal_gender,sem,42,"1 = may exhibit the property; 0 = never does, in the source coding"
masculine_gender,sem,4,"1 = may exhibit the property; 0 = never does, in the source coding"
feminine_gender,sem,5,"1 = may exhibit the property; 0 = never does, in the source coding"
definite,sem,71,"1 = may exhibit the property; 0 = never does, in the source coding"
indefinite,sem,72,"1 = may exhibit the property; 0 = never does, in the source coding"
existential,sem,116,"1 = may exhibit the property; 0 = never does, in the source coding"
universal,sem,8,"1 = may exhibit the property; 0 = never does, in the source coding"
free_choice,sem,23,"1 = may exhibit the property; 0 = never does, in the source coding"
negative,sem,13,"1 = may exhibit the property; 0 = never does, in the source coding"
interrogative,sem,16,"1 = may exhibit the property; 0 = never does, in the source coding"
non_affirmative,sem,23,"1 = may exhibit the property; 0 = never does, in the source coding"
reflexive,sem,9,"1 = may exhibit the property; 0 = never does, in the source coding"
reciprocal,sem,2,"1 = may exhibit the property; 0 = never does, in the source coding"
dual,sem,5,"1 = may exhibit the property; 0 = never does, in the source coding"
paucal,sem,12,"1 = may exhibit the property; 0 = never does, in the source coding"
multal,sem,4,"1 = may exhibit the property; 0 = never does, in the source coding"
proportional,sem,39,"1 = may exhibit the property; 0 = never does, in the source coding"
semantically_countable,sem,106,"1 = may exhibit the property; 0 = never does, in the source coding"
semantically_uncountable,sem,40,"1 = may exhibit the property; 0 = never does, in the source coding"
semantically_singular,sem,84,"1 = may exhibit the property; 0 = never does, in the source coding"
semantically_plural,sem,70,"1 = may exhibit the property; 0 = never does, in the source coding"
distributive,sem,73,"1 = may exhibit the property; 0 = never does, in the source coding"
joint,sem,69,"1 = may exhibit the property; 0 = never does, in the source coding"
cardinal,sem,4,"1 = may exhibit the property; 0 = never does, in the source coding"
disjunctive,sem,2,"1 = may exhibit the property; 0 = never does, in the source coding"
degree,sem,10,"1 = may exhibit the property; 0 = never does, in the source coding"
sufficiency,sem,2,"1 = may exhibit the property; 0 = never does, in the source coding"
temporal,sem,9,"1 = may exhibit the property; 0 = never does, in the source coding"
locative,sem,4,"1 = may exhibit the property; 0 = never does, in the source coding"
dummy,sem,2,"1 = may exhibit the property; 0 = never does, in the source coding"
can_be_followed_by_adjective_such,synt,32,"1 = may exhibit the property; 0 = never does, in the source coding"
can_be_modified_by_almost,synt,46,"1 = may exhibit the property; 0 = never does, in the source coding"
can_be_modified_by_approximately,synt,16,"1 = may exhibit the property; 0 = never does, in the source coding"
can_be_modified_by_at_least,synt,63,"1 = may exhibit the property; 0 = never does, in the source coding"
can_be_modified_by_hardly,synt,30,"1 = may exhibit the property; 0 = never does, in the source coding"
can_be_modified_by_not,synt,35,"1 = may exhibit the property; 0 = never does, in the source coding"
can_be_modified_by_adverb_very,synt,4,"1 = may exhibit the property; 0 = never does, in the source coding"
Coordinates_with_independent_genitives,synt,51,"1 = may exhibit the property; 0 = never does, in the source coding"
Coordinates_with_dependent_genitives,synt,12,"1 = may exhibit the property; 0 = never does, in the source coding"
Coordinates_with_NPs,synt,106,"1 = may exhibit the property; 0 = never does, in the source coding"
intensifying_reduplication,synt,3,"1 = may exhibit the property; 0 = never does, in the source coding"
selects_singular_heads,synt,20,"1 = may exhibit the property; 0 = never does, in the source coding"
selects_count_singular_heads,synt,20,"1 = may exhibit the property; 0 = never does, in the source coding"
selects_non_count_heads,synt,13,"1 = may exhibit the property; 0 = never does, in the source coding"
selects_plural_heads,synt,26,"1 = may exhibit the property; 0 = never does, in the source coding"
compatible_count_sing_NP,synt,55,"1 = may exhibit the property; 0 = never does, in the source coding"
compatible_count_plur_NP,synt,52,"1 = may exhibit the property; 0 = never does, in the source coding"
compatible_non_count_NP,synt,40,"1 = may exhibit the property; 0 = never does, in the source coding"
Forms_universal_pronouns_before_all,synt,5,"1 = may exhibit the property; 0 = never does, in the source coding"
functions_as_a_predeterminer_modifier,synt,6,"1 = may exhibit the property; 0 = never does, in the source coding"
functions_as_prehead_modifier_in_nominal,synt,13,"1 = may exhibit the property; 0 = never does, in the source coding"
functions_as_degree_modifier_in_AdjP,synt,14,"1 = may exhibit the property; 0 = never does, in the source coding"
functions_as_predicative_complement,synt,86,"1 = may exhibit the property; 0 = never does, in the source coding"
functions_as_predicative_complement_to_seem,synt,17,"1 = may exhibit the property; 0 = never does, in the source coding"
functions_as_marker_of_coordination,synt,2,"1 = may exhibit the property; 0 = never does, in the source coding"
functions_as_fused_determiner_head,synt,55,"1 = may exhibit the property; 0 = never does, in the source coding"
functions_as_head_of_partitive_construction,synt,37,"1 = may exhibit the property; 0 = never does, in the source coding"
functions_as_adjunct_in_clause_structure,synt,38,"1 = may exhibit the property; 0 = never does, in the source coding"
functions_as_attrib_modifier_in_nominal,synt,20,"1 = may exhibit the property; 0 = never does, in the source coding"
appears_in_subject,synt,115,"1 = may exhibit the property; 0 = never does, in the source coding"
appears_in_object,synt,119,"1 = may exhibit the property; 0 = never does, in the source coding"
functions_as_post_head_modifier_of_it_or_them,synt,3,"1 = may exhibit the property; 0 = never does, in the source coding"
functions_as_post_head_modifier_of_N,synt,4,"1 = may exhibit the property; 0 = never does, in the source coding"
appears_in_existentials_there_s_on_the_table,synt,39,"1 = may exhibit the property; 0 = never does, in the source coding"
functions_as_determiner_in_day_s_time_ago,synt,15,"1 = may exhibit the property; 0 = never does, in the source coding"
functions_as_subject_of_present_participal_of_joining_you,synt,90,"1 = may exhibit the property; 0 = never does, in the source coding"
Functions_as_subject_of_interrogative_tag,synt,11,"1 = may exhibit the property; 0 = never does, in the source coding"
functions_as_subject_determiner,synt,12,"1 = may exhibit the property; 0 = never does, in the source coding"
functions_in_vocative,synt,11,"1 = may exhibit the property; 0 = never does, in the source coding"
May_coordinate_with_non_fused_determiners,synt,33,"1 = may exhibit the property; 0 = never does, in the source coding"
must_be_outranked_by_a_coindexed_element,synt,12,"1 = may exhibit the property; 0 = never does, in the source coding"
takes_predeterminer_modifiers_all_or_both,synt,28,"1 = may exhibit the property; 0 = never does, in the source coding"
occurs_after_predeterminer_modifiers_fractions,synt,48,"1 = may exhibit the property; 0 = never does, in the source coding"
occurs_after_predeterminer_modifiers_multipliers,synt,48,"1 = may exhibit the property; 0 = never does, in the source coding"
ironic_use_of_repetition,synt,15,"1 = may exhibit the property; 0 = never does, in the source coding"
take_poor_lucky_silly_as_attrib_modifiers,synt,7,"1 = may exhibit the property; 0 = never does, in the source coding"
takes_adverb_quite_as_a_modifier,synt,48,"1 = may exhibit the property; 0 = never does, in the source coding"
takes_else_or_more_as_a_post_head_dependent,synt,30,"1 = may exhibit the property; 0 = never does, in the source coding"
accepts_genitive_apstrophe_s,synt,24,"1 = may exhibit the property; 0 = never does, in the source coding"
takes_post_head_modifier_the_hell,synt,5,"1 = may exhibit the property; 0 = never does, in the source coding"
