lemma,role,eligible_control,family,pool,holdout,drop,metric,reference,features,ones,n_pronoun,n_compound,draws,d_pronoun,d_pronoun_percentile,d_pronoun_percentile_mcse,d_pronoun_lower_tail,d_pronoun_null_q025,d_pronoun_null_median,d_pronoun_null_q975,d_compound,d_compound_percentile,d_compound_percentile_mcse,d_compound_lower_tail,d_compound_null_q025,d_compound_null_median,d_compound_null_q975,delta,delta_percentile,delta_percentile_mcse,delta_lower_tail,delta_null_q025,delta_null_median,delta_null_q975
anybody,compound_anchor,True,C:any,full,item,none,jaccard,fixed_total,154,27,41,15,20000,0.7815811418872559,0.00025,0.0001117922174169282,0.0002999850007499625,0.8344824787822108,0.8975991934350585,0.9479246366663083,0.4590281180386543,0.0,0.0,4.999750012499375e-05,0.833752504238725,0.9055571202578268,0.9602584538544823,0.3225530238486016,1.0,0.0,1.0,-0.07563865786019165,-0.007547514784138343,0.06404545149025587
anyone,compound_anchor,True,C:any,full,item,none,jaccard,fixed_total,154,27,41,15,20000,0.7815811418872559,0.00035,0.00013226771993758295,0.00039998000099995,0.8331515209707662,0.8980689135885291,0.9479862277697425,0.45915544169538974,0.0,0.0,4.999750012499375e-05,0.8352559176252412,0.9054026931940984,0.9592714861187915,0.32242570019186617,1.0,0.0,1.0,-0.07609483875848479,-0.007152900379326421,0.062267651936121965
anything,compound_anchor,True,C:any,full,item,none,jaccard,fixed_total,154,30,41,15,20000,0.7810744291535543,0.0006,0.00017315744042621658,0.0006499675016249188,0.82734887089933,0.89151096164422,0.9414973196873718,0.4709966142375717,0.0,0.0,4.999750012499375e-05,0.8297564668824112,0.9004475045004446,0.9544946034432991,0.3100778149159826,1.0,0.0,1.0,-0.07731380293915999,-0.008705003267774292,0.06226295465278636
anywhere,compound_anchor,True,C:any,full,item,none,jaccard,fixed_total,154,23,41,15,20000,0.8547436166810498,0.0481,0.0015130875624690674,0.04814759262036898,0.8442846142327387,0.9077905736160305,0.9564956980037167,0.5504100141072689,0.0,0.0,4.999750012499375e-05,0.8428701613707879,0.9132875144393887,0.9669880339666745,0.30433360257378095,1.0,0.0,1.0,-0.07468913800664947,-0.005709891993101512,0.06408744304713561
everybody,compound_anchor,True,C:every,full,item,none,jaccard,fixed_total,154,31,41,15,20000,0.733660770843567,5e-05,4.9999999999999996e-05,9.99950002499875e-05,0.8254865974467094,0.8886188495870866,0.9393065640963159,0.486750788332945,0.0,0.0,4.999750012499375e-05,0.8289912677415966,0.8985783221240412,0.9537958691345109,0.24690998251062196,1.0,0.0,1.0,-0.0772655110748976,-0.009675251537703489,0.06073664472050784
everyone,compound_anchor,True,C:every,full,item,none,jaccard,fixed_total,154,31,41,15,20000,0.733660770843567,0.0,0.0,4.999750012499375e-05,0.8268528229343858,0.8899033610726665,0.9398321849263648,0.48684683579741345,0.0,0.0,4.999750012499375e-05,0.8273946140158143,0.8990368845749916,0.9533328882635972,0.2468139350461535,1.0,0.0,1.0,-0.07729917707229382,-0.009077715746867832,0.06162886672762838
everything,compound_anchor,True,C:every,full,item,none,jaccard,fixed_total,154,31,41,15,20000,0.7565489242797919,0.0003,0.00012245917610571543,0.00034998250087495624,0.8268684812888473,0.8890051536149527,0.939228713537752,0.46809035160428347,0.0,0.0,4.999750012499375e-05,0.8276842726111768,0.8986533852356561,0.9529941095702908,0.28845857267550845,1.0,0.0,1.0,-0.07794636926214078,-0.008980349542263566,0.06144468147587136
everywhere,compound_anchor,True,C:every,full,item,none,jaccard,fixed_total,154,26,41,15,20000,0.8135989693675669,0.0045,0.0004732850092016404,0.004549772511374431,0.8361663488116229,0.9002708433668078,0.9499442880262232,0.5318057159475386,0.0,0.0,4.999750012499375e-05,0.8357931418696628,0.9078355162529437,0.9618310176553485,0.28179325342002837,1.0,0.0,1.0,-0.07647345133376467,-0.006955691466038139,0.06316838270840093
nobody,compound_anchor,True,C:no,full,item,none,jaccard,fixed_total,154,27,41,15,20000,0.7705789558217474,0.00015,8.659820992663834e-05,0.000199990000499975,0.8333303129487761,0.8977220945979703,0.9474423038532839,0.4344618402155974,0.0,0.0,4.999750012499375e-05,0.8345115476363957,0.9054021708436684,0.9597654434123974,0.33611711560615,1.0,0.0,1.0,-0.0760322970338463,-0.00767370391904959,0.06218402718962291
no_one,compound_anchor,True,C:no,full,item,none,jaccard,fixed_total,154,28,41,15,20000,0.7754013003995375,0.00035,0.00013226771993758295,0.00039998000099995,0.8319249621565536,0.8957655588500046,0.9462535684015041,0.44878906503418353,0.0,0.0,4.999750012499375e-05,0.8339451181907311,0.9041163873183656,0.9572937336524062,0.32661223536535394,1.0,0.0,1.0,-0.07600528887625438,-0.008518221584970675,0.06214487424510123
nothing,compound_anchor,True,C:no,full,item,none,jaccard,fixed_total,154,29,41,15,20000,0.8067725810655894,0.00505,0.000501235909399799,0.0050997450127493625,0.8290777798663936,0.8929232262324053,0.9438932949756937,0.4710623302535067,0.0,0.0,4.999750012499375e-05,0.8318520064204178,0.9017492450868523,0.9564132614708607,0.33571025081208267,1.0,0.0,1.0,-0.07810955377936647,-0.008928653664466712,0.06076740622488036
nowhere,compound_anchor,True,C:no,full,item,none,jaccard,fixed_total,154,22,41,15,20000,0.8584330825097515,0.05295,0.0015834898948248297,0.052997350132493376,0.8460701057741972,0.9103865330808051,0.9590939115089996,0.5444666072252279,0.0,0.0,4.999750012499375e-05,0.844523836663507,0.9158793788656646,0.9690305467564877,0.3139664752845236,1.0,0.0,1.0,-0.0733129910386463,-0.005926043822449656,0.0645465806285828
somebody,compound_anchor,True,C:some,full,item,none,jaccard,fixed_total,154,25,41,15,20000,0.7757050657521307,0.0002,9.999249934368202e-05,0.00024998750062496874,0.8378756421065303,0.9028234942231742,0.9526585377480897,0.45134691345854333,0.0,0.0,4.999750012499375e-05,0.837451807937605,0.9093166469359979,0.9628555706001848,0.3243581522935874,1.0,0.0,1.0,-0.07492502160962611,-0.006499802726408654,0.06482287042431063
someone,compound_anchor,True,C:some,full,item,none,jaccard,fixed_total,154,25,41,15,20000,0.7757050657521307,0.00015,8.659820992663834e-05,0.000199990000499975,0.8383369114114387,0.9027905152245703,0.9522045774589979,0.4515126840678622,0.0,0.0,4.999750012499375e-05,0.8385669795109789,0.9095336728748017,0.9632665596207342,0.3241923816842685,1.0,0.0,1.0,-0.07560246051572657,-0.006577152996660729,0.06394804495377776
something,compound_anchor,True,C:some,full,item,none,jaccard,fixed_total,154,27,41,15,20000,0.7901232554010195,0.00105,0.00022901418596861793,0.0010999450027498626,0.833414803701904,0.8982584277354692,0.9478853603091726,0.4746465036050526,0.0,0.0,4.999750012499375e-05,0.8342145256640914,0.905606212092757,0.9600865104268403,0.31547675179596685,1.0,0.0,1.0,-0.0767001786088614,-0.007669871080748847,0.06359906791502282
somewhere,compound_anchor,True,C:some,full,item,none,jaccard,fixed_total,154,19,41,15,20000,0.8650968604783404,0.04525,0.0014697720525626839,0.045297735113244336,0.855165730404628,0.9183176327397616,0.9650037329564493,0.5701490339725636,0.0,0.0,4.999750012499375e-05,0.8507702316393131,0.9228488984214737,0.9756807763849413,0.2949478265057769,1.0,0.0,1.0,-0.07127133877295642,-0.0045863995764670595,0.06613145769774074
each_other,target,False,reciprocal,full,item,none,jaccard,fixed_total,154,22,41,16,20000,0.7088579692854637,0.0,0.0,4.999750012499375e-05,0.8466762852461576,0.9104204326758796,0.9593017167208027,0.6690820933080995,0.0,0.0,4.999750012499375e-05,0.8444093624051743,0.9164432077625059,0.9685844601975081,0.039775875977364206,0.9006,0.0021157045659284555,0.9006049697515124,-0.07424786325062722,-0.005577705159948487,0.064824243977602
one_another,target,False,reciprocal,full,item,none,jaccard,fixed_total,154,24,41,16,20000,0.7228114730155732,0.0,0.0,4.999750012499375e-05,0.8414545174245569,0.9053554654748703,0.9536397936180087,0.6772670296559096,0.0,0.0,4.999750012499375e-05,0.8415356254826719,0.9119451997699018,0.9658721719801843,0.04554444335966368,0.92855,0.0018213760582420303,0.9285535723213839,-0.0754941986838304,-0.006732072458959293,0.06372630418353965
he,pronoun_anchor,True,P:he,full,item,none,jaccard,fixed_total,154,21,40,16,20000,0.5636031979318771,0.0,0.0,4.999750012499375e-05,0.8475549069320387,0.9124221234092864,0.9604837817516471,0.8092856407451141,0.00225,0.00033504102379317853,0.0022998850057497125,0.8464389136380053,0.918508456954291,0.9713827372160271,-0.24568244281323703,0.0,0.0,4.999750012499375e-05,-0.07281111537789622,-0.005709182197423612,0.06455502819049883
him,pronoun_anchor,True,P:he,full,item,none,jaccard,fixed_total,154,27,40,16,20000,0.5280908865712828,0.0,0.0,4.999750012499375e-05,0.8334071193506281,0.8976743154739293,0.94745694708019,0.8057506137155528,0.00455,0.0004758951552705074,0.004599770011499425,0.8334037366164936,0.9053386134230659,0.9598128550342837,-0.27765972714427,0.0,0.0,4.999750012499375e-05,-0.07691353802224181,-0.007748031889965978,0.061674220590006816
himself,pronoun_anchor,True,P:he,full,item,none,jaccard,fixed_total,154,28,40,16,20000,0.5544959715593212,0.0,0.0,4.999750012499375e-05,0.8315156262630702,0.8956738576387601,0.9452307850861008,0.7604470414613891,0.0001,7.070891024120918e-05,0.00014999250037498125,0.8326332457872,0.9033656056932742,0.9574398301941561,-0.2059510699020679,0.0,0.0,4.999750012499375e-05,-0.07685033857862397,-0.007820673076489038,0.061536680404124675
his,pronoun_anchor,True,P:he,full,item,none,jaccard,fixed_total,154,37,40,16,20000,0.4880424328803258,0.0,0.0,4.999750012499375e-05,0.8164682941351027,0.8775004261443409,0.9289303362873602,0.742109479495717,0.0001,7.070891024120918e-05,0.00014999250037498125,0.8199381747824406,0.8888120633115183,0.9432133014933904,-0.25406704661539126,0.0,0.0,4.999750012499375e-05,-0.07900680110993517,-0.010360815443537397,0.058709221590837815
she,pronoun_anchor,True,P:she,full,item,none,jaccard,fixed_total,154,22,40,16,20000,0.5437060085442913,0.0,0.0,4.999750012499375e-05,0.8451793001862845,0.9095850940553132,0.9579916572493133,0.8139626829453532,0.00425,0.00046000810359467443,0.0042997850107494625,0.8434725853072849,0.9159991860446445,0.969293977179145,-0.27025667440106194,0.0,0.0,4.999750012499375e-05,-0.07522029031921913,-0.0065701591147869776,0.06386815497751666
her_acc,pronoun_anchor,True,P:she,full,item,none,jaccard,fixed_total,154,28,40,16,20000,0.4930180702731975,0.0,0.0,4.999750012499375e-05,0.8331787053865595,0.8952673635976258,0.945716176476876,0.7834820942999944,0.00105,0.00022901418596861793,0.0010999450027498626,0.8331409518258411,0.9037873834854553,0.9586136569946393,-0.2904640240267969,0.0,0.0,4.999750012499375e-05,-0.07549288559434024,-0.008018928082437593,0.06217092697781504
her_dep,pronoun_anchor,True,P:she,full,item,none,jaccard,fixed_total,154,38,40,16,20000,0.5812561284877116,0.0,0.0,4.999750012499375e-05,0.8153540328859256,0.8770786116449123,0.9282343072232013,0.833527924107552,0.05475,0.0016086488935013533,0.05479726013699315,0.81999461607963,0.887514990192525,0.9411608233972529,-0.2522717956198405,0.0,0.0,4.999750012499375e-05,-0.07726215206245546,-0.010231329499662267,0.05849864997252684
hers,pronoun_anchor,True,P:she,full,item,none,jaccard,fixed_total,154,36,40,16,20000,0.47791410019263125,0.0,0.0,4.999750012499375e-05,0.816747323674133,0.8798516256878194,0.9309833563299591,0.7386792842136854,0.0,0.0,4.999750012499375e-05,0.8213572740499621,0.8903863994798221,0.9437257391971621,-0.2607651840210542,0.0,0.0,4.999750012499375e-05,-0.07705965024335351,-0.010144344623789214,0.05910829336649235
herself,pronoun_anchor,True,P:she,full,item,none,jaccard,fixed_total,154,29,40,16,20000,0.5354097698147917,0.0,0.0,4.999750012499375e-05,0.8287304164314394,0.8936534484160557,0.9437339886024191,0.7657781804126589,0.0003,0.00012245917610571543,0.00034998250087495624,0.8304355809979735,0.901511257113183,0.9557359294924364,-0.23036841059786717,0.0,0.0,4.999750012499375e-05,-0.07626755679562029,-0.008538022187566385,0.06282166518314586
it_plain,pronoun_anchor,True,P:it,full,item,none,jaccard,fixed_total,154,21,40,16,20000,0.5972949366244504,0.0,0.0,4.999750012499375e-05,0.8497653803138314,0.9129028222077737,0.9606645961630427,0.8040189737051582,0.0018,0.00029973737191849503,0.0018499075046247689,0.8483555261339452,0.9190535378905524,0.9719567703903189,-0.20672403708070775,0.0,0.0,4.999750012499375e-05,-0.0742017191561034,-0.005686046608180839,0.06448003634276851
it_dum,pronoun_anchor,True,P:it,full,item,none,jaccard,fixed_total,154,15,40,16,20000,0.7647617862771637,0.0,0.0,4.999750012499375e-05,0.8695744887144444,0.9310301393917133,0.9757627433250077,0.8077558632194837,0.0004,0.00014139660409635905,0.00044997750112494374,0.8661571020119507,0.9352269823581514,0.9834750319763435,-0.042994076942319936,0.11915,0.002290835278083862,0.1191940402979851,-0.06969277971123128,-0.004035246626511557,0.06460044301273045
its,pronoun_anchor,True,P:it,full,item,none,jaccard,fixed_total,154,30,40,16,20000,0.6031273246257807,0.0,0.0,4.999750012499375e-05,0.8270349010366468,0.8912145773980478,0.9415583846408844,0.7895659837852846,0.00195,0.00031195310663148854,0.00199990000499975,0.8295852862804934,0.8997624778816159,0.954154467869505,-0.18643865915950397,0.0,0.0,4.999750012499375e-05,-0.07670860203080579,-0.0085990937993633,0.06146865351841466
itself,pronoun_anchor,True,P:it,full,item,none,jaccard,fixed_total,154,27,40,16,20000,0.6077943668553462,0.0,0.0,4.999750012499375e-05,0.8339768805030396,0.8975985670863258,0.9477528314768441,0.7395259141501344,0.0,0.0,4.999750012499375e-05,0.8334737123547041,0.9056937367173151,0.9602514736046447,-0.1317315472947882,0.00025,0.0001117922174169282,0.0002999850007499625,-0.07691442723256396,-0.0076566494982863165,0.06282760615772524
I,pronoun_anchor,True,P:I,full,item,none,jaccard,fixed_total,154,21,40,16,20000,0.5527598492087257,0.0,0.0,4.999750012499375e-05,0.8491780425259895,0.9124817878066112,0.9604020249566315,0.8313743634948705,0.00975,0.0006948172519092178,0.009799510024498775,0.8478343908698571,0.9193099006065693,0.9705046648508094,-0.2786145142861448,0.0,0.0,4.999750012499375e-05,-0.07421464360469182,-0.0062150726780040855,0.06315431965690864
me,pronoun_anchor,True,P:I,full,item,none,jaccard,fixed_total,154,27,40,16,20000,0.5251018423694485,0.0,0.0,4.999750012499375e-05,0.8337343354101856,0.8978186199837466,0.9477249029066929,0.8254103533032192,0.0134,0.0008130529212496794,0.01344932753362332,0.8356293238960874,0.9056097142031116,0.9602143570024925,-0.30030851093377076,0.0,0.0,4.999750012499375e-05,-0.07523715468169635,-0.007763735866431365,0.061294511636524364
mine,pronoun_anchor,True,P:I,full,item,none,jaccard,fixed_total,154,36,40,16,20000,0.4487180376377277,0.0,0.0,4.999750012499375e-05,0.8176105515437644,0.87975495066607,0.9311203702553598,0.7386792842136854,5e-05,4.9999999999999996e-05,9.99950002499875e-05,0.82178438544197,0.890458455782855,0.9442582616071254,-0.28996124657595773,0.0,0.0,4.999750012499375e-05,-0.07825393495394048,-0.010363178742757717,0.059399719148079455
my,pronoun_anchor,True,P:I,full,item,none,jaccard,fixed_total,154,37,40,16,20000,0.5871887261817653,0.0,0.0,4.999750012499375e-05,0.816707796125324,0.8781839237540681,0.929122656028142,0.8462358725204688,0.1021,0.002141029822406737,0.10214489275536223,0.8216379950102208,0.8887798009438511,0.9419918082959996,-0.2590471463387035,0.0,0.0,4.999750012499375e-05,-0.07717546895810365,-0.010129453896522145,0.05954237573518874
myself,pronoun_anchor,True,P:I,full,item,none,jaccard,fixed_total,154,29,40,16,20000,0.5262177395510541,0.0,0.0,4.999750012499375e-05,0.8297024900260949,0.8929516333891507,0.9435434156381033,0.7657781804126589,0.0002,9.999249934368202e-05,0.00024998750062496874,0.8317294167860649,0.901031079305967,0.9563225014296189,-0.23956044086160477,0.0,0.0,4.999750012499375e-05,-0.07555004613233755,-0.007870780071058792,0.0627303286220067
their_sing,pronoun_anchor,True,P:they,full,item,none,jaccard,fixed_total,154,38,40,16,20000,0.5780491743191783,0.0,0.0,4.999750012499375e-05,0.814729058069354,0.8765297531116399,0.9272295434733597,0.8225295474841754,0.02935,0.0011935242351980122,0.029398530073496326,0.8200564252231418,0.8873103202734576,0.941528640573385,-0.24448037316499704,0.0,0.0,4.999750012499375e-05,-0.07815493840470741,-0.010589213678629361,0.05768003113542317
theirs_sing,pronoun_anchor,True,P:they,full,item,none,jaccard,fixed_total,154,38,40,16,20000,0.4881000380130045,0.0,0.0,4.999750012499375e-05,0.8149388488562812,0.8767089177328802,0.926837356061752,0.7363382052546872,0.0,0.0,4.999750012499375e-05,0.8185548184182159,0.8868166767503534,0.9408599739911097,-0.24823816724168268,0.0,0.0,4.999750012499375e-05,-0.0771263090600132,-0.01013275994427848,0.0579028271253375
their_plur,pronoun_anchor,True,P:they,full,item,none,jaccard,fixed_total,154,36,40,16,20000,0.596124537672239,0.0,0.0,4.999750012499375e-05,0.8167241728308364,0.8801310545513457,0.9310069064982599,0.8383749516119797,0.06405,0.0017313375613922247,0.06409679516024198,0.8218314674280932,0.8906218580421108,0.945029276437154,-0.24225041393974067,0.0,0.0,4.999750012499375e-05,-0.07769541850255642,-0.010552089024362943,0.05989159670406562
theirs_plur,pronoun_anchor,True,P:they,full,item,none,jaccard,fixed_total,154,36,40,16,20000,0.5053583753706657,0.0,0.0,4.999750012499375e-05,0.8185908706706458,0.8802106726471319,0.9302638817030439,0.7512284962061749,0.0001,7.070891024120918e-05,0.00014999250037498125,0.8212060826946528,0.8907449000692174,0.9444197466530757,-0.2458701208355092,0.0,0.0,4.999750012499375e-05,-0.0774515217434201,-0.00984770567632487,0.05858925564326612
them_sing,pronoun_anchor,True,P:they,full,item,none,jaccard,fixed_total,154,29,40,16,20000,0.5097879269274885,0.0,0.0,4.999750012499375e-05,0.8304341177408242,0.8936028609458455,0.9432955533829249,0.800691344903457,0.004,0.000446329430463671,0.004049797510124494,0.8306635845141257,0.901616287190276,0.9563913894331357,-0.2909034179759684,0.0,0.0,4.999750012499375e-05,-0.07517005276609251,-0.008316746540529385,0.06281255123812117
them_plur,pronoun_anchor,True,P:they,full,item,none,jaccard,fixed_total,154,30,40,16,20000,0.5323823432851988,0.0,0.0,4.999750012499375e-05,0.8276619225435651,0.8908393516570327,0.941580685866155,0.8345124490398997,0.03425,0.0012860519318746713,0.034298285085745714,0.8289881616572846,0.8998606268778878,0.9538540205325351,-0.3021301057547009,0.0,0.0,4.999750012499375e-05,-0.07652746988881677,-0.008755527928093643,0.06187138246253438
themself,pronoun_anchor,True,P:they,full,item,none,jaccard,fixed_total,154,29,40,16,20000,0.5512927280874897,0.0,0.0,4.999750012499375e-05,0.8296561419451358,0.893369274761584,0.9440913409434654,0.7657781804126589,0.00045,0.00014996999549902475,0.0004999750012499375,0.8297277056071463,0.9014578989393829,0.9554629676100101,-0.21448545232516913,0.0,0.0,4.999750012499375e-05,-0.07616531622632892,-0.007897492420842644,0.06198968923715898
themselves,pronoun_anchor,True,P:they,full,item,none,jaccard,fixed_total,154,30,40,16,20000,0.5514914373328224,0.0,0.0,4.999750012499375e-05,0.8280239977207702,0.891483061520777,0.9418369617956547,0.7897178855931829,0.0016,0.00028262341339614796,0.0016499175041247937,0.8297469616963128,0.9008487073962741,0.9542937564436934,-0.23822644826036055,0.0,0.0,4.999750012499375e-05,-0.07742911750670407,-0.009215009245251315,0.06163005356471454
they_sing,pronoun_anchor,True,P:they,full,item,none,jaccard,fixed_total,154,24,40,16,20000,0.5569531222211748,0.0,0.0,4.999750012499375e-05,0.8414941054854764,0.9047975758788662,0.9536975900584487,0.8083710121210341,0.00295,0.0003834999721139893,0.002999850007499625,0.8404922342887822,0.9116687702613018,0.9646768383997901,-0.25141788989985936,0.0,0.0,4.999750012499375e-05,-0.07538060272994773,-0.006825155254923998,0.06448694095204349
they_plur,pronoun_anchor,True,P:they,full,item,none,jaccard,fixed_total,154,24,40,16,20000,0.5728518715553828,0.0,0.0,4.999750012499375e-05,0.8407549515994345,0.9046852505853383,0.9541438541168727,0.8418691732473198,0.02825,0.0011716080864672342,0.028298585070746462,0.8400513804220028,0.9118024183139177,0.9653953996716692,-0.26901730169193705,0.0,0.0,4.999750012499375e-05,-0.07466332715969624,-0.0066235948488685414,0.0628662191601313
we_pron,pronoun_anchor,True,P:we,full,item,none,jaccard,fixed_total,154,27,40,16,20000,0.5466761450495666,0.0,0.0,4.999750012499375e-05,0.8333082090712434,0.8975432332685778,0.9473312353576425,0.8263087195311104,0.01495,0.0008581151980268466,0.014999250037498125,0.8344466044773081,0.9055833511124933,0.959570312717738,-0.27963257448154377,0.0,0.0,4.999750012499375e-05,-0.07603948493733553,-0.007546934195096888,0.0628769406254422
us_pron,pronoun_anchor,True,P:we,full,item,none,jaccard,fixed_total,154,30,40,16,20000,0.5138091125235924,0.0,0.0,4.999750012499375e-05,0.8284903693791266,0.8911861811537161,0.9419822771444378,0.8090524400671463,0.00745,0.000608065261438366,0.007499625018749062,0.8286885830598857,0.8999965737941449,0.9541324899567077,-0.29524332754355387,0.0,0.0,4.999750012499375e-05,-0.07704663354856116,-0.008372707014947744,0.06069685869697668
our,pronoun_anchor,True,P:we,full,item,none,jaccard,fixed_total,154,38,40,16,20000,0.5821787750057493,0.0,0.0,4.999750012499375e-05,0.8139868733206668,0.876647725236883,0.927095014246261,0.8382649350157385,0.06815,0.001781975770565454,0.06819659017049147,0.8213904985945859,0.8875437024983731,0.9416066227889975,-0.2560861600099892,0.0,0.0,4.999750012499375e-05,-0.07809087443968984,-0.01048866023925682,0.056759947669226755
ours,pronoun_anchor,True,P:we,full,item,none,jaccard,fixed_total,154,38,40,16,20000,0.47556024595863383,0.0,0.0,4.999750012499375e-05,0.8162095499232594,0.8767016111261148,0.9267155930331133,0.7363382052546872,0.0001,7.070891024120918e-05,0.00014999250037498125,0.8203785923509187,0.8870813882382587,0.9412601587174133,-0.26077795929605335,0.0,0.0,4.999750012499375e-05,-0.07701328610667334,-0.010341364201300884,0.05777411005899754
ourselves,pronoun_anchor,True,P:we,full,item,none,jaccard,fixed_total,154,31,40,16,20000,0.5419898409601941,0.0,0.0,4.999750012499375e-05,0.8278369249349725,0.8894994930186646,0.9402057446294111,0.7806054719549765,0.0009,0.0002120418545650937,0.0009499525023748813,0.8290682527664818,0.8985634678885147,0.953379324900115,-0.23861563099478245,0.0,0.0,4.999750012499375e-05,-0.07682274121467636,-0.009127075238793747,0.05978086101053249
you_pron_sing,pronoun_anchor,True,P:you,full,item,none,jaccard,fixed_total,154,31,40,16,20000,0.5319928755927801,0.0,0.0,4.999750012499375e-05,0.82509602423261,0.8895281662824663,0.9392845173980712,0.7762936940911996,0.0003,0.00012245917610571543,0.00034998250087495624,0.8280299184918615,0.8985136554291178,0.9522347771845504,-0.24430081849841956,0.0,0.0,4.999750012499375e-05,-0.07674027122270333,-0.008493376237673489,0.06141443816808091
you_pron_plur,pronoun_anchor,True,P:you,full,item,none,jaccard,fixed_total,154,34,40,16,20000,0.5346881530272293,0.0,0.0,4.999750012499375e-05,0.8205824580511616,0.8835838631470447,0.9347988707831382,0.7941867151051133,0.0032,0.0003993694715407526,0.003249837508124594,0.8241579411858341,0.893063377322286,0.9474661780721888,-0.259498562077884,0.0,0.0,4.999750012499375e-05,-0.07751943298977443,-0.009362675753486926,0.05939403101419575
your_sing,pronoun_anchor,True,P:you,full,item,none,jaccard,fixed_total,154,40,40,16,20000,0.5951276386493799,0.0,0.0,4.999750012499375e-05,0.8118451628140992,0.8737604006197687,0.9244517375131862,0.8358343497046228,0.06995,0.0018036109684813632,0.06999650017499125,0.8188428319714424,0.8843037978389514,0.9384619679065254,-0.24070671105524288,0.0,0.0,4.999750012499375e-05,-0.07689671224967125,-0.011027692447980464,0.05590660519100726
yours_sing,pronoun_anchor,True,P:you,full,item,none,jaccard,fixed_total,154,39,40,16,20000,0.4861536961119407,0.0,0.0,4.999750012499375e-05,0.8143046066230575,0.8753412863674431,0.92576568506693,0.7413908896012117,0.0001,7.070891024120918e-05,0.00014999250037498125,0.8193540294956624,0.885968240406128,0.9393016221808463,-0.255237193489271,0.0,0.0,4.999750012499375e-05,-0.07655965400581317,-0.010743403015455788,0.05823022699482304
your_plur,pronoun_anchor,True,P:you,full,item,none,jaccard,fixed_total,154,40,40,16,20000,0.5951276386493799,0.0,0.0,4.999750012499375e-05,0.811834695374868,0.873898433811101,0.9245334995113458,0.8358343497046228,0.0689,0.0017910331906456954,0.06894655267236638,0.8186226772645455,0.8846796733766651,0.9384879871164014,-0.24070671105524288,0.0,0.0,4.999750012499375e-05,-0.0767538789478282,-0.010646825840339047,0.0559692057503691
yours_plur,pronoun_anchor,True,P:you,full,item,none,jaccard,fixed_total,154,40,40,16,20000,0.48830902538315846,0.0,0.0,4.999750012499375e-05,0.813004285177731,0.8738205956481073,0.9241936749270717,0.7222448497108598,0.0,0.0,4.999750012499375e-05,0.8177653996112744,0.8842566849507412,0.9388215112966996,-0.23393582432770132,0.0,0.0,4.999750012499375e-05,-0.0775090021955358,-0.010490267540729792,0.05703326315947891
yourself,pronoun_anchor,True,P:you,full,item,none,jaccard,fixed_total,154,31,40,16,20000,0.5348508874870339,0.0,0.0,4.999750012499375e-05,0.824940413893951,0.889161884271934,0.9398690787687687,0.7622075652176948,0.00025,0.0001117922174169282,0.0002999850007499625,0.8287862096430045,0.898549487461647,0.9524493600614297,-0.22735667773066093,0.0,0.0,4.999750012499375e-05,-0.07859548691177214,-0.009083565056740905,0.061426657654440255
yourselves,pronoun_anchor,True,P:you,full,item,none,jaccard,fixed_total,154,33,40,16,20000,0.5314733109040033,0.0,0.0,4.999750012499375e-05,0.8214724507207279,0.8854202673527696,0.9367946157946416,0.7772152900318433,0.0008,0.00019992498218062942,0.0008499575021248938,0.8255678305500034,0.8945050055266147,0.9496983913824041,-0.24574197912784002,0.0,0.0,4.999750012499375e-05,-0.07782875144542807,-0.00914867249557283,0.060494166423647314
