lemma,role,family,eligible_control,pool,holdout,drop,weighting,features,n_pronoun,n_compound,d_pronoun,d_compound,delta,signed_control_margin
anybody,compound_anchor,C:any,True,full,item,none,equal_block_total,154,41,15,0.8189748231966288,0.4691042663327707,0.34987055686385815,0.34987055686385815
anyone,compound_anchor,C:any,True,full,item,none,equal_block_total,154,41,15,0.8189748231966288,0.46917138710024275,0.3498034360963861,0.3498034360963861
anything,compound_anchor,C:any,True,full,item,none,equal_block_total,154,41,15,0.8243576924228709,0.4814831293436531,0.3428745630792178,0.3428745630792178
anywhere,compound_anchor,C:any,True,full,item,none,equal_block_total,154,41,15,0.8832118921504001,0.5590500811781768,0.3241618109722233,0.3241618109722233
everybody,compound_anchor,C:every,True,full,item,none,equal_block_total,154,41,15,0.772562741785037,0.49997980226253635,0.2725829395225007,0.2725829395225007
everyone,compound_anchor,C:every,True,full,item,none,equal_block_total,154,41,15,0.772562741785037,0.5000294769787983,0.27253326480623874,0.27253326480623874
everything,compound_anchor,C:every,True,full,item,none,equal_block_total,154,41,15,0.7942784701734605,0.4765922622658085,0.31768620790765206,0.31768620790765206
everywhere,compound_anchor,C:every,True,full,item,none,equal_block_total,154,41,15,0.8438437969935504,0.540032939637639,0.3038108573559114,0.3038108573559114
nobody,compound_anchor,C:no,True,full,item,none,equal_block_total,154,41,15,0.8060086078804307,0.4379275919330733,0.3680810159473574,0.3680810159473574
no_one,compound_anchor,C:no,True,full,item,none,equal_block_total,154,41,15,0.8084429741978237,0.4482055033065198,0.3602374708913039,0.3602374708913039
nothing,compound_anchor,C:no,True,full,item,none,equal_block_total,154,41,15,0.8359644771023091,0.46974859887394066,0.3662158782283685,0.3662158782283685
nowhere,compound_anchor,C:no,True,full,item,none,equal_block_total,154,41,15,0.8809530749612597,0.5456298384621666,0.3353232364990931,0.3353232364990931
somebody,compound_anchor,C:some,True,full,item,none,equal_block_total,154,41,15,0.8110369049098356,0.4536983973348742,0.3573385075749614,0.3573385075749614
someone,compound_anchor,C:some,True,full,item,none,equal_block_total,154,41,15,0.8110369049098356,0.4537879760077877,0.3572489289020479,0.3572489289020479
something,compound_anchor,C:some,True,full,item,none,equal_block_total,154,41,15,0.8285605651953525,0.47702723495410937,0.3515333302412431,0.3515333302412431
somewhere,compound_anchor,C:some,True,full,item,none,equal_block_total,154,41,15,0.8873084034169157,0.5694249448010387,0.3178834586158771,0.3178834586158771
each_other,target,reciprocal,False,full,item,none,equal_block_total,154,41,16,0.753363309751842,0.6815694993430186,0.07179381040882338,
one_another,target,reciprocal,False,full,item,none,equal_block_total,154,41,16,0.7601216628687412,0.6869940200268123,0.07312764284192885,
he,pronoun_anchor,P:he,True,full,item,none,equal_block_total,154,40,16,0.6644571134541036,0.7897055293012865,-0.12524841584718283,0.12524841584718283
him,pronoun_anchor,P:he,True,full,item,none,equal_block_total,154,40,16,0.496416471360995,0.8396261536169971,-0.3432096822560021,0.3432096822560021
himself,pronoun_anchor,P:he,True,full,item,none,equal_block_total,154,40,16,0.5140665353193927,0.8179623313700974,-0.3038957960507047,0.3038957960507047
his,pronoun_anchor,P:he,True,full,item,none,equal_block_total,154,40,16,0.4726556052977949,0.7900754163485764,-0.3174198110507815,0.3174198110507815
she,pronoun_anchor,P:she,True,full,item,none,equal_block_total,154,40,16,0.652837726689633,0.793454409473653,-0.14061668278401995,0.14061668278401995
her_acc,pronoun_anchor,P:she,True,full,item,none,equal_block_total,154,40,16,0.47732498794847106,0.823710403341655,-0.34638541539318396,0.34638541539318396
her_dep,pronoun_anchor,P:she,True,full,item,none,equal_block_total,154,40,16,0.6556892677513432,0.8249482573878322,-0.169258989636489,0.169258989636489
hers,pronoun_anchor,P:she,True,full,item,none,equal_block_total,154,40,16,0.4651506244731527,0.7853922126945367,-0.32024158822138404,0.32024158822138404
herself,pronoun_anchor,P:she,True,full,item,none,equal_block_total,154,40,16,0.5043484349020952,0.8201692353464731,-0.3158208004443779,0.3158208004443779
it_plain,pronoun_anchor,P:it,True,full,item,none,equal_block_total,154,40,16,0.551979490294499,0.840788600385285,-0.288809110090786,0.288809110090786
it_dum,pronoun_anchor,P:it,True,full,item,none,equal_block_total,154,40,16,0.8235665790372405,0.8063119052755163,0.017254673761724182,-0.017254673761724182
its,pronoun_anchor,P:it,True,full,item,none,equal_block_total,154,40,16,0.5492675392721551,0.8212238492838185,-0.2719563100116634,0.2719563100116634
itself,pronoun_anchor,P:it,True,full,item,none,equal_block_total,154,40,16,0.5557304971527828,0.7997888843350377,-0.24405838718225492,0.24405838718225492
I,pronoun_anchor,P:I,True,full,item,none,equal_block_total,154,40,16,0.6607856563159071,0.8161394361231514,-0.1553537798072443,0.1553537798072443
me,pronoun_anchor,P:I,True,full,item,none,equal_block_total,154,40,16,0.4999359317889674,0.8582344155608566,-0.35829848377188916,0.35829848377188916
mine,pronoun_anchor,P:I,True,full,item,none,equal_block_total,154,40,16,0.4449897170868541,0.7853922126945367,-0.34040249560768265,0.34040249560768265
my,pronoun_anchor,P:I,True,full,item,none,equal_block_total,154,40,16,0.6595016287088311,0.8418936299156019,-0.1823920012067708,0.1823920012067708
myself,pronoun_anchor,P:I,True,full,item,none,equal_block_total,154,40,16,0.49413653778994016,0.8201692353464731,-0.32603269755653297,0.32603269755653297
their_sing,pronoun_anchor,P:they,True,full,item,none,equal_block_total,154,40,16,0.6656710749183588,0.8501743168044997,-0.18450324188614098,0.18450324188614098
theirs_sing,pronoun_anchor,P:they,True,full,item,none,equal_block_total,154,40,16,0.5088757932746979,0.8177582127065046,-0.3088824194318067,0.3088824194318067
their_plur,pronoun_anchor,P:they,True,full,item,none,equal_block_total,154,40,16,0.6828514714327578,0.867369836887577,-0.18451836545481914,0.18451836545481914
theirs_plur,pronoun_anchor,P:they,True,full,item,none,equal_block_total,154,40,16,0.5226699128444576,0.8314744614285481,-0.30880454858409045,0.30880454858409045
them_sing,pronoun_anchor,P:they,True,full,item,none,equal_block_total,154,40,16,0.5284567971989022,0.8632464767782198,-0.3347896795793176,0.3347896795793176
them_plur,pronoun_anchor,P:they,True,full,item,none,equal_block_total,154,40,16,0.5417505471673904,0.8881186198545402,-0.34636807268714986,0.34636807268714986
themself,pronoun_anchor,P:they,True,full,item,none,equal_block_total,154,40,16,0.5555639093397827,0.853905377409087,-0.2983414680693043,0.2983414680693043
themselves,pronoun_anchor,P:they,True,full,item,none,equal_block_total,154,40,16,0.5532970497951875,0.8702672614270438,-0.31697021163185635,0.31697021163185635
they_sing,pronoun_anchor,P:they,True,full,item,none,equal_block_total,154,40,16,0.674030803965979,0.8374714715236656,-0.1634406675576866,0.1634406675576866
they_plur,pronoun_anchor,P:they,True,full,item,none,equal_block_total,154,40,16,0.6828015974575683,0.8696131791497219,-0.18681158169215362,0.18681158169215362
we_pron,pronoun_anchor,P:we,True,full,item,none,equal_block_total,154,40,16,0.6393635386928092,0.8065703392761552,-0.16720680058334603,0.16720680058334603
us_pron,pronoun_anchor,P:we,True,full,item,none,equal_block_total,154,40,16,0.4811768021996888,0.8410496026107842,-0.35987280041109543,0.35987280041109543
our,pronoun_anchor,P:we,True,full,item,none,equal_block_total,154,40,16,0.6537678792067156,0.8312429670251748,-0.1774750878184591,0.1774750878184591
ours,pronoun_anchor,P:we,True,full,item,none,equal_block_total,154,40,16,0.45755744663081366,0.7797697898077248,-0.32221234317691116,0.32221234317691116
ourselves,pronoun_anchor,P:we,True,full,item,none,equal_block_total,154,40,16,0.5055101166323546,0.8305250850454233,-0.32501496841306876,0.32501496841306876
you_pron_sing,pronoun_anchor,P:you,True,full,item,none,equal_block_total,154,40,16,0.5011336338887176,0.8217916180668317,-0.3206579841781141,0.3206579841781141
you_pron_plur,pronoun_anchor,P:you,True,full,item,none,equal_block_total,154,40,16,0.503183389809968,0.8358905711713028,-0.3327071813613348,0.3327071813613348
your_sing,pronoun_anchor,P:you,True,full,item,none,equal_block_total,154,40,16,0.6609493253859193,0.828365743732489,-0.16741641834656962,0.16741641834656962
yours_sing,pronoun_anchor,P:you,True,full,item,none,equal_block_total,154,40,16,0.46310938163115,0.782152950078769,-0.31904356844761894,0.31904356844761894
your_plur,pronoun_anchor,P:you,True,full,item,none,equal_block_total,154,40,16,0.6609493253859193,0.828365743732489,-0.16741641834656962,0.16741641834656962
yours_plur,pronoun_anchor,P:you,True,full,item,none,equal_block_total,154,40,16,0.46405687835181125,0.7713500963168938,-0.3072932179650825,0.3072932179650825
yourself,pronoun_anchor,P:you,True,full,item,none,equal_block_total,154,40,16,0.4976384927953247,0.8131430781295891,-0.3155045853342644,0.3155045853342644
yourselves,pronoun_anchor,P:you,True,full,item,none,equal_block_total,154,40,16,0.49528753953756766,0.8254742498213571,-0.33018671028378943,0.33018671028378943
anybody,compound_anchor,C:any,True,full,family,none,equal_block_total,154,41,12,0.8189748231966288,0.5166461888984086,0.3023286342982202,0.3023286342982202
anyone,compound_anchor,C:any,True,full,family,none,equal_block_total,154,41,12,0.8189748231966288,0.5167300898577486,0.30224473333888024,0.30224473333888024
anything,compound_anchor,C:any,True,full,family,none,equal_block_total,154,41,12,0.8243576924228709,0.5150263331660798,0.3093313592567911,0.3093313592567911
anywhere,compound_anchor,C:any,True,full,family,none,equal_block_total,154,41,12,0.8832118921504001,0.5923471592125306,0.2908647329378695,0.2908647329378695
everybody,compound_anchor,C:every,True,full,family,none,equal_block_total,154,41,12,0.772562741785037,0.556470327686167,0.21609241409887003,0.21609241409887003
everyone,compound_anchor,C:every,True,full,family,none,equal_block_total,154,41,12,0.772562741785037,0.5565324210814945,0.21603032070354256,0.21603032070354256
everything,compound_anchor,C:every,True,full,family,none,equal_block_total,154,41,12,0.7942784701734605,0.5204387439341078,0.2738397262393527,0.2738397262393527
everywhere,compound_anchor,C:every,True,full,family,none,equal_block_total,154,41,12,0.8438437969935504,0.5678830965526198,0.2759607004409306,0.2759607004409306
nobody,compound_anchor,C:no,True,full,family,none,equal_block_total,154,41,12,0.8060086078804307,0.4753836309373862,0.3306249769430445,0.3306249769430445
no_one,compound_anchor,C:no,True,full,family,none,equal_block_total,154,41,12,0.8084429741978237,0.4860596188567495,0.32238335534107426,0.32238335534107426
nothing,compound_anchor,C:no,True,full,family,none,equal_block_total,154,41,12,0.8359644771023091,0.5020988629448331,0.33386561415747606,0.33386561415747606
nowhere,compound_anchor,C:no,True,full,family,none,equal_block_total,154,41,12,0.8809530749612597,0.5685544306217706,0.31239864433948916,0.31239864433948916
somebody,compound_anchor,C:some,True,full,family,none,equal_block_total,154,41,12,0.8110369049098356,0.48966684981192937,0.3213700550979062,0.3213700550979062
someone,compound_anchor,C:some,True,full,family,none,equal_block_total,154,41,12,0.8110369049098356,0.48977882315307125,0.32125808175676435,0.32125808175676435
something,compound_anchor,C:some,True,full,family,none,equal_block_total,154,41,12,0.8285605651953525,0.5039005642899274,0.32466000090542513,0.32466000090542513
somewhere,compound_anchor,C:some,True,full,family,none,equal_block_total,154,41,12,0.8873084034169157,0.5849505187544689,0.30235788466244684,0.30235788466244684
each_other,target,reciprocal,False,full,family,none,equal_block_total,154,41,16,0.753363309751842,0.6815694993430186,0.07179381040882338,
one_another,target,reciprocal,False,full,family,none,equal_block_total,154,41,16,0.7601216628687412,0.6869940200268123,0.07312764284192885,
he,pronoun_anchor,P:he,True,full,family,none,equal_block_total,154,37,16,0.6696678450125336,0.7897055293012865,-0.12003768428875283,0.12003768428875283
him,pronoun_anchor,P:he,True,full,family,none,equal_block_total,154,37,16,0.5066366569351475,0.8396261536169971,-0.33298949668184963,0.33298949668184963
himself,pronoun_anchor,P:he,True,full,family,none,equal_block_total,154,37,16,0.5223771236190136,0.8179623313700974,-0.2955852077510839,0.2955852077510839
his,pronoun_anchor,P:he,True,full,family,none,equal_block_total,154,37,16,0.4748988498716759,0.7900754163485764,-0.31517656647690045,0.31517656647690045
she,pronoun_anchor,P:she,True,full,family,none,equal_block_total,154,36,16,0.6585574496240352,0.793454409473653,-0.1348969598496178,0.1348969598496178
her_acc,pronoun_anchor,P:she,True,full,family,none,equal_block_total,154,36,16,0.48336855638640347,0.823710403341655,-0.34034184695525155,0.34034184695525155
her_dep,pronoun_anchor,P:she,True,full,family,none,equal_block_total,154,36,16,0.6561730749653273,0.8249482573878322,-0.1687751824225049,0.1687751824225049
hers,pronoun_anchor,P:she,True,full,family,none,equal_block_total,154,36,16,0.467346107425782,0.7853922126945367,-0.31804610526875476,0.31804610526875476
herself,pronoun_anchor,P:she,True,full,family,none,equal_block_total,154,36,16,0.5067239849642866,0.8201692353464731,-0.3134452503821865,0.3134452503821865
it_plain,pronoun_anchor,P:it,True,full,family,none,equal_block_total,154,37,16,0.5572935154419529,0.840788600385285,-0.2834950849433321,0.2834950849433321
it_dum,pronoun_anchor,P:it,True,full,family,none,equal_block_total,154,37,16,0.8278715840337824,0.8063119052755163,0.021559678758266032,-0.021559678758266032
its,pronoun_anchor,P:it,True,full,family,none,equal_block_total,154,37,16,0.552332925335761,0.8212238492838185,-0.2688909239480576,0.2688909239480576
itself,pronoun_anchor,P:it,True,full,family,none,equal_block_total,154,37,16,0.562005297041484,0.7997888843350377,-0.23778358729355364,0.23778358729355364
I,pronoun_anchor,P:I,True,full,family,none,equal_block_total,154,36,16,0.6645316443175121,0.8161394361231514,-0.15160779180563932,0.15160779180563932
me,pronoun_anchor,P:I,True,full,family,none,equal_block_total,154,36,16,0.5025793281299662,0.8582344155608566,-0.35565508743089036,0.35565508743089036
mine,pronoun_anchor,P:I,True,full,family,none,equal_block_total,154,36,16,0.44206545400147523,0.7853922126945367,-0.3433267586930615,0.3433267586930615
my,pronoun_anchor,P:I,True,full,family,none,equal_block_total,154,36,16,0.6572444847880397,0.8418936299156019,-0.18464914512756225,0.18464914512756225
myself,pronoun_anchor,P:I,True,full,family,none,equal_block_total,154,36,16,0.4919506825264544,0.8201692353464731,-0.3282185528200187,0.3282185528200187
their_sing,pronoun_anchor,P:they,True,full,family,none,equal_block_total,154,31,16,0.7205370407101749,0.8501743168044997,-0.12963727609432485,0.12963727609432485
theirs_sing,pronoun_anchor,P:they,True,full,family,none,equal_block_total,154,31,16,0.5572883115343454,0.8177582127065046,-0.2604699011721592,0.2604699011721592
their_plur,pronoun_anchor,P:they,True,full,family,none,equal_block_total,154,31,16,0.7410157984649851,0.867369836887577,-0.12635403842259185,0.12635403842259185
theirs_plur,pronoun_anchor,P:they,True,full,family,none,equal_block_total,154,31,16,0.5743561076424845,0.8314744614285481,-0.2571183537860636,0.2571183537860636
them_sing,pronoun_anchor,P:they,True,full,family,none,equal_block_total,154,31,16,0.5768266459756887,0.8632464767782198,-0.2864198308025311,0.2864198308025311
them_plur,pronoun_anchor,P:they,True,full,family,none,equal_block_total,154,31,16,0.5965815018348924,0.8881186198545402,-0.29153711801964777,0.29153711801964777
themself,pronoun_anchor,P:they,True,full,family,none,equal_block_total,154,31,16,0.6032525837285286,0.853905377409087,-0.2506527936805584,0.2506527936805584
themselves,pronoun_anchor,P:they,True,full,family,none,equal_block_total,154,31,16,0.6048016547190377,0.8702672614270438,-0.2654656067080061,0.2654656067080061
they_sing,pronoun_anchor,P:they,True,full,family,none,equal_block_total,154,31,16,0.7335831403368156,0.8374714715236656,-0.10388833118685004,0.10388833118685004
they_plur,pronoun_anchor,P:they,True,full,family,none,equal_block_total,154,31,16,0.7497940902574501,0.8696131791497219,-0.11981908889227177,0.11981908889227177
we_pron,pronoun_anchor,P:we,True,full,family,none,equal_block_total,154,36,16,0.6454769299403386,0.8065703392761552,-0.16109340933581662,0.16109340933581662
us_pron,pronoun_anchor,P:we,True,full,family,none,equal_block_total,154,36,16,0.48499925954512285,0.8410496026107842,-0.35605034306566136,0.35605034306566136
our,pronoun_anchor,P:we,True,full,family,none,equal_block_total,154,36,16,0.6540832420721199,0.8312429670251748,-0.17715972495305488,0.17715972495305488
ours,pronoun_anchor,P:we,True,full,family,none,equal_block_total,154,36,16,0.4595902777272393,0.7797697898077248,-0.3201795120804855,0.3201795120804855
ourselves,pronoun_anchor,P:we,True,full,family,none,equal_block_total,154,36,16,0.5054271346840455,0.8305250850454233,-0.3250979503613778,0.3250979503613778
you_pron_sing,pronoun_anchor,P:you,True,full,family,none,equal_block_total,154,33,16,0.522266248194467,0.8217916180668317,-0.29952536987236467,0.29952536987236467
you_pron_plur,pronoun_anchor,P:you,True,full,family,none,equal_block_total,154,33,16,0.5285898880670231,0.8358905711713028,-0.3073006831042797,0.3073006831042797
your_sing,pronoun_anchor,P:you,True,full,family,none,equal_block_total,154,33,16,0.6826604605709115,0.828365743732489,-0.1457052831615775,0.1457052831615775
yours_sing,pronoun_anchor,P:you,True,full,family,none,equal_block_total,154,33,16,0.4872780148416119,0.782152950078769,-0.2948749352371571,0.2948749352371571
your_plur,pronoun_anchor,P:you,True,full,family,none,equal_block_total,154,33,16,0.6826604605709115,0.828365743732489,-0.1457052831615775,0.1457052831615775
yours_plur,pronoun_anchor,P:you,True,full,family,none,equal_block_total,154,33,16,0.48956775587079426,0.7713500963168938,-0.2817823404460995,0.2817823404460995
yourself,pronoun_anchor,P:you,True,full,family,none,equal_block_total,154,33,16,0.5145045257963902,0.8131430781295891,-0.2986385523331989,0.2986385523331989
yourselves,pronoun_anchor,P:you,True,full,family,none,equal_block_total,154,33,16,0.5169459923364338,0.8254742498213571,-0.3085282574849233,0.3085282574849233
anybody,compound_anchor,C:any,True,full,item,morph,equal_block_total,89,41,15,0.8061223008958084,0.46765796515192154,0.33846433574388685,0.33846433574388685
anyone,compound_anchor,C:any,True,full,item,morph,equal_block_total,89,41,15,0.8061223008958084,0.46765796515192154,0.33846433574388685,0.33846433574388685
anything,compound_anchor,C:any,True,full,item,morph,equal_block_total,89,41,15,0.8136502702486016,0.4833134813340534,0.3303367889145482,0.3303367889145482
anywhere,compound_anchor,C:any,True,full,item,morph,equal_block_total,89,41,15,0.868610297015012,0.561129778914281,0.30748051810073107,0.30748051810073107
everybody,compound_anchor,C:every,True,full,item,morph,equal_block_total,89,41,15,0.7475960416733383,0.5005611530800369,0.24703488859330136,0.24703488859330136
everyone,compound_anchor,C:every,True,full,item,morph,equal_block_total,89,41,15,0.7475960416733383,0.5005611530800369,0.24703488859330136,0.24703488859330136
everything,compound_anchor,C:every,True,full,item,morph,equal_block_total,89,41,15,0.7752081969124603,0.47334128941206366,0.3018669075003967,0.3018669075003967
everywhere,compound_anchor,C:every,True,full,item,morph,equal_block_total,89,41,15,0.8338902688946301,0.5476153999255087,0.28627486896912147,0.28627486896912147
nobody,compound_anchor,C:no,True,full,item,morph,equal_block_total,89,41,15,0.7907186048066341,0.4291659187886843,0.3615526860179498,0.3615526860179498
no_one,compound_anchor,C:no,True,full,item,morph,equal_block_total,89,41,15,0.7907186048066341,0.4291659187886843,0.3615526860179498,0.3615526860179498
nothing,compound_anchor,C:no,True,full,item,morph,equal_block_total,89,41,15,0.8138806912898434,0.4544249349636416,0.3594557563262018,0.3594557563262018
nowhere,compound_anchor,C:no,True,full,item,morph,equal_block_total,89,41,15,0.865411195222031,0.5446078025423943,0.32080339267963676,0.32080339267963676
somebody,compound_anchor,C:some,True,full,item,morph,equal_block_total,89,41,15,0.7960774947035019,0.44843370999417026,0.3476437847093316,0.3476437847093316
someone,compound_anchor,C:some,True,full,item,morph,equal_block_total,89,41,15,0.7960774947035019,0.44843370999417026,0.3476437847093316,0.3476437847093316
something,compound_anchor,C:some,True,full,item,morph,equal_block_total,89,41,15,0.8185801574268188,0.4778717538392313,0.34070840358758747,0.34070840358758747
somewhere,compound_anchor,C:some,True,full,item,morph,equal_block_total,89,41,15,0.8719489172183191,0.5733472662291372,0.2986016509891819,0.2986016509891819
each_other,target,reciprocal,False,full,item,morph,equal_block_total,89,41,16,0.7248166149678301,0.7061545503014847,0.018662064666345457,
one_another,target,reciprocal,False,full,item,morph,equal_block_total,89,41,16,0.7248166149678301,0.7061545503014847,0.018662064666345457,
he,pronoun_anchor,P:he,True,full,item,morph,equal_block_total,89,40,16,0.682065520526261,0.7522165992198874,-0.07015107869362636,0.07015107869362636
him,pronoun_anchor,P:he,True,full,item,morph,equal_block_total,89,40,16,0.4735949713524786,0.8192994565888951,-0.34570448523641656,0.34570448523641656
himself,pronoun_anchor,P:he,True,full,item,morph,equal_block_total,89,40,16,0.4905660376090137,0.8276764839775379,-0.3371104463685242,0.3371104463685242
his,pronoun_anchor,P:he,True,full,item,morph,equal_block_total,89,40,16,0.46320065318289094,0.76944130558938,-0.306240652406489,0.306240652406489
she,pronoun_anchor,P:she,True,full,item,morph,equal_block_total,89,40,16,0.6809023322089918,0.7522165992198874,-0.0713142670108956,0.0713142670108956
her_acc,pronoun_anchor,P:she,True,full,item,morph,equal_block_total,89,40,16,0.4665096387937246,0.8002843671848321,-0.3337747283911075,0.3337747283911075
her_dep,pronoun_anchor,P:she,True,full,item,morph,equal_block_total,89,40,16,0.6773717214884734,0.7958544289147471,-0.11848270742627376,0.11848270742627376
hers,pronoun_anchor,P:she,True,full,item,morph,equal_block_total,89,40,16,0.4530099792426956,0.7606364145741799,-0.30762643533148426,0.30762643533148426
herself,pronoun_anchor,P:she,True,full,item,morph,equal_block_total,89,40,16,0.48987783001126617,0.8276764839775379,-0.33779865396627173,0.33779865396627173
it_plain,pronoun_anchor,P:it,True,full,item,morph,equal_block_total,89,40,16,0.5343704472319691,0.8239332499900582,-0.2895628027580891,0.2895628027580891
it_dum,pronoun_anchor,P:it,True,full,item,morph,equal_block_total,89,40,16,0.8210598363972192,0.8044548888047577,0.01660494759246156,-0.01660494759246156
its,pronoun_anchor,P:it,True,full,item,morph,equal_block_total,89,40,16,0.5247321504118742,0.8009343859532785,-0.27620223554140433,0.27620223554140433
itself,pronoun_anchor,P:it,True,full,item,morph,equal_block_total,89,40,16,0.5281669555800015,0.8066513708656395,-0.27848441528563805,0.27848441528563805
I,pronoun_anchor,P:I,True,full,item,morph,equal_block_total,89,40,16,0.6905744008618679,0.7810640197009403,-0.09048961883907236,0.09048961883907236
me,pronoun_anchor,P:I,True,full,item,morph,equal_block_total,89,40,16,0.4980008726682327,0.84409896219211,-0.34609808952387733,0.34609808952387733
mine,pronoun_anchor,P:I,True,full,item,morph,equal_block_total,89,40,16,0.4397032880401056,0.7606364145741799,-0.32093312653407424,0.32093312653407424
my,pronoun_anchor,P:I,True,full,item,morph,equal_block_total,89,40,16,0.6801105647989286,0.8166202147696604,-0.13650964997073178,0.13650964997073178
myself,pronoun_anchor,P:I,True,full,item,morph,equal_block_total,89,40,16,0.4760347583036282,0.8276764839775379,-0.3516417256739097,0.3516417256739097
their_sing,pronoun_anchor,P:they,True,full,item,morph,equal_block_total,89,40,16,0.6890673454616998,0.8324896460736969,-0.14342230061199712,0.14342230061199712
theirs_sing,pronoun_anchor,P:they,True,full,item,morph,equal_block_total,89,40,16,0.5017861438696772,0.7982690350471358,-0.2964828911774585,0.2964828911774585
their_plur,pronoun_anchor,P:they,True,full,item,morph,equal_block_total,89,40,16,0.7090223224573761,0.8525115816554367,-0.14348925919806066,0.14348925919806066
theirs_plur,pronoun_anchor,P:they,True,full,item,morph,equal_block_total,89,40,16,0.5172945740459817,0.8136819452149553,-0.2963873711689736,0.2963873711689736
them_sing,pronoun_anchor,P:they,True,full,item,morph,equal_block_total,89,40,16,0.5274235995554506,0.8477635343797192,-0.3203399348242686,0.3203399348242686
them_plur,pronoun_anchor,P:they,True,full,item,morph,equal_block_total,89,40,16,0.5428989474649066,0.8773269959711123,-0.33442804850620567,0.33442804850620567
themself,pronoun_anchor,P:they,True,full,item,morph,equal_block_total,89,40,16,0.5547071681834254,0.8629453648684412,-0.30823819668501584,0.30823819668501584
themselves,pronoun_anchor,P:they,True,full,item,morph,equal_block_total,89,40,16,0.5521769392388899,0.881300230462216,-0.32912329122332606,0.32912329122332606
they_sing,pronoun_anchor,P:they,True,full,item,morph,equal_block_total,89,40,16,0.6995903004689902,0.8121923981081587,-0.11260209763916851,0.11260209763916851
they_plur,pronoun_anchor,P:they,True,full,item,morph,equal_block_total,89,40,16,0.7095095143884387,0.8522043276487412,-0.14269481326030253,0.14269481326030253
we_pron,pronoun_anchor,P:we,True,full,item,morph,equal_block_total,89,40,16,0.6540455459063418,0.7644815311338164,-0.11043598522747466,0.11043598522747466
us_pron,pronoun_anchor,P:we,True,full,item,morph,equal_block_total,89,40,16,0.45691279287316,0.8219377798060417,-0.36502498693288166,0.36502498693288166
our,pronoun_anchor,P:we,True,full,item,morph,equal_block_total,89,40,16,0.6732591637572878,0.8037061757870886,-0.1304470120298008,0.1304470120298008
ours,pronoun_anchor,P:we,True,full,item,morph,equal_block_total,89,40,16,0.4367766714652622,0.7515746211775024,-0.3147979497122402,0.3147979497122402
ourselves,pronoun_anchor,P:we,True,full,item,morph,equal_block_total,89,40,16,0.48405560603713615,0.8371513618020345,-0.3530957557648984,0.3530957557648984
you_pron_sing,pronoun_anchor,P:you,True,full,item,morph,equal_block_total,89,40,16,0.48471269218248747,0.8101124405808435,-0.32539974839835606,0.32539974839835606
you_pron_plur,pronoun_anchor,P:you,True,full,item,morph,equal_block_total,89,40,16,0.4890184116798067,0.8275254161931869,-0.33850700451338017,0.33850700451338017
your_sing,pronoun_anchor,P:you,True,full,item,morph,equal_block_total,89,40,16,0.6767917021526089,0.7975999909209603,-0.12080828876835148,0.12080828876835148
yours_sing,pronoun_anchor,P:you,True,full,item,morph,equal_block_total,89,40,16,0.4367766714652623,0.7515746211775024,-0.3147979497122401,0.3147979497122401
your_plur,pronoun_anchor,P:you,True,full,item,morph,equal_block_total,89,40,16,0.6767917021526089,0.7975999909209603,-0.12080828876835148,0.12080828876835148
yours_plur,pronoun_anchor,P:you,True,full,item,morph,equal_block_total,89,40,16,0.4367766714652623,0.7515746211775024,-0.3147979497122401,0.3147979497122401
yourself,pronoun_anchor,P:you,True,full,item,morph,equal_block_total,89,40,16,0.47333100626206637,0.8166577073608956,-0.34332670109882923,0.34332670109882923
yourselves,pronoun_anchor,P:you,True,full,item,morph,equal_block_total,89,40,16,0.47240167334963734,0.8308568033218515,-0.3584551299722142,0.3584551299722142
anybody,compound_anchor,C:any,True,full,family,morph,equal_block_total,89,41,12,0.8061223008958084,0.5181445740778599,0.28797772681794853,0.28797772681794853
anyone,compound_anchor,C:any,True,full,family,morph,equal_block_total,89,41,12,0.8061223008958084,0.5181445740778599,0.28797772681794853,0.28797772681794853
anything,compound_anchor,C:any,True,full,family,morph,equal_block_total,89,41,12,0.8136502702486016,0.5167417152795022,0.2969085549690994,0.2969085549690994
anywhere,compound_anchor,C:any,True,full,family,morph,equal_block_total,89,41,12,0.868610297015012,0.5950651954323809,0.2735451015826311,0.2735451015826311
everybody,compound_anchor,C:every,True,full,family,morph,equal_block_total,89,41,12,0.7475960416733383,0.5568142090377664,0.1907818326355719,0.1907818326355719
everyone,compound_anchor,C:every,True,full,family,morph,equal_block_total,89,41,12,0.7475960416733383,0.5568142090377664,0.1907818326355719,0.1907818326355719
everything,compound_anchor,C:every,True,full,family,morph,equal_block_total,89,41,12,0.7752081969124603,0.5139097441484678,0.26129845276399255,0.26129845276399255
everywhere,compound_anchor,C:every,True,full,family,morph,equal_block_total,89,41,12,0.8338902688946301,0.5692580297105326,0.2646322391840975,0.2646322391840975
nobody,compound_anchor,C:no,True,full,family,morph,equal_block_total,89,41,12,0.7907186048066341,0.4718066551089988,0.31891194969763537,0.31891194969763537
no_one,compound_anchor,C:no,True,full,family,morph,equal_block_total,89,41,12,0.7907186048066341,0.4718066551089988,0.31891194969763537,0.31891194969763537
nothing,compound_anchor,C:no,True,full,family,morph,equal_block_total,89,41,12,0.8138806912898434,0.48705305115028935,0.32682764013955407,0.32682764013955407
nowhere,compound_anchor,C:no,True,full,family,morph,equal_block_total,89,41,12,0.865411195222031,0.5658952665899672,0.2995159286320638,0.2995159286320638
somebody,compound_anchor,C:some,True,full,family,morph,equal_block_total,89,41,12,0.7960774947035019,0.48514650346399407,0.3109309912395078,0.3109309912395078
someone,compound_anchor,C:some,True,full,family,morph,equal_block_total,89,41,12,0.7960774947035019,0.48514650346399407,0.3109309912395078,0.3109309912395078
something,compound_anchor,C:some,True,full,family,morph,equal_block_total,89,41,12,0.8185801574268188,0.5031977415833834,0.3153824158434354,0.3153824158434354
somewhere,compound_anchor,C:some,True,full,family,morph,equal_block_total,89,41,12,0.8719489172183191,0.5859606913705658,0.2859882258477533,0.2859882258477533
each_other,target,reciprocal,False,full,family,morph,equal_block_total,89,41,16,0.7248166149678301,0.7061545503014847,0.018662064666345457,
one_another,target,reciprocal,False,full,family,morph,equal_block_total,89,41,16,0.7248166149678301,0.7061545503014847,0.018662064666345457,
he,pronoun_anchor,P:he,True,full,family,morph,equal_block_total,89,37,16,0.6871584575886809,0.7522165992198874,-0.06505814163120649,0.06505814163120649
him,pronoun_anchor,P:he,True,full,family,morph,equal_block_total,89,37,16,0.4835445696168808,0.8192994565888951,-0.33575488697201433,0.33575488697201433
himself,pronoun_anchor,P:he,True,full,family,morph,equal_block_total,89,37,16,0.49938318283865496,0.8276764839775379,-0.32829330113888294,0.32829330113888294
his,pronoun_anchor,P:he,True,full,family,morph,equal_block_total,89,37,16,0.46496537282532174,0.76944130558938,-0.3044759327640582,0.3044759327640582
she,pronoun_anchor,P:she,True,full,family,morph,equal_block_total,89,36,16,0.686452703296474,0.7522165992198874,-0.06576389592341336,0.06576389592341336
her_acc,pronoun_anchor,P:she,True,full,family,morph,equal_block_total,89,36,16,0.47047125921967037,0.8002843671848321,-0.3298131079651617,0.3298131079651617
her_dep,pronoun_anchor,P:she,True,full,family,morph,equal_block_total,89,36,16,0.6753669949772374,0.7958544289147471,-0.12048743393750971,0.12048743393750971
hers,pronoun_anchor,P:she,True,full,family,morph,equal_block_total,89,36,16,0.4525617754438064,0.7606364145741799,-0.3080746391303735,0.3080746391303735
herself,pronoun_anchor,P:she,True,full,family,morph,equal_block_total,89,36,16,0.4906635219281845,0.8276764839775379,-0.3370129620493534,0.3370129620493534
it_plain,pronoun_anchor,P:it,True,full,family,morph,equal_block_total,89,37,16,0.5397749574042531,0.8239332499900582,-0.28415829258580516,0.28415829258580516
it_dum,pronoun_anchor,P:it,True,full,family,morph,equal_block_total,89,37,16,0.8249033136962691,0.8044548888047577,0.02044842489151144,-0.02044842489151144
its,pronoun_anchor,P:it,True,full,family,morph,equal_block_total,89,37,16,0.5271423446675477,0.8009343859532785,-0.27379204128573076,0.27379204128573076
itself,pronoun_anchor,P:it,True,full,family,morph,equal_block_total,89,37,16,0.5345580328114845,0.8066513708656395,-0.27209333805415503,0.27209333805415503
I,pronoun_anchor,P:I,True,full,family,morph,equal_block_total,89,36,16,0.6929873903049634,0.7810640197009403,-0.08807662939597694,0.08807662939597694
me,pronoun_anchor,P:I,True,full,family,morph,equal_block_total,89,36,16,0.49897436942244044,0.84409896219211,-0.34512459276966956,0.34512459276966956
mine,pronoun_anchor,P:I,True,full,family,morph,equal_block_total,89,36,16,0.4342960298052587,0.7606364145741799,-0.32634038476892113,0.32634038476892113
my,pronoun_anchor,P:I,True,full,family,morph,equal_block_total,89,36,16,0.6751195130908689,0.8166202147696604,-0.14150070167879147,0.14150070167879147
myself,pronoun_anchor,P:I,True,full,family,morph,equal_block_total,89,36,16,0.4723344444579624,0.8276764839775379,-0.3553420395195755,0.3553420395195755
their_sing,pronoun_anchor,P:they,True,full,family,morph,equal_block_total,89,31,16,0.7456343948079626,0.8324896460736969,-0.08685525126573435,0.08685525126573435
theirs_sing,pronoun_anchor,P:they,True,full,family,morph,equal_block_total,89,31,16,0.5511303206558196,0.7982690350471358,-0.24713871439131618,0.24713871439131618
their_plur,pronoun_anchor,P:they,True,full,family,morph,equal_block_total,89,31,16,0.7693683958193265,0.8525115816554367,-0.08314318583611024,0.08314318583611024
theirs_plur,pronoun_anchor,P:they,True,full,family,morph,equal_block_total,89,31,16,0.5704260399776051,0.8136819452149553,-0.2432559052373502,0.2432559052373502
them_sing,pronoun_anchor,P:they,True,full,family,morph,equal_block_total,89,31,16,0.5780401519859126,0.8477635343797192,-0.26972338239380655,0.26972338239380655
them_plur,pronoun_anchor,P:they,True,full,family,morph,equal_block_total,89,31,16,0.6009851612494959,0.8773269959711123,-0.27634183472161644,0.27634183472161644
themself,pronoun_anchor,P:they,True,full,family,morph,equal_block_total,89,31,16,0.6056147531959385,0.8629453648684412,-0.2573306116725027,0.2573306116725027
themselves,pronoun_anchor,P:they,True,full,family,morph,equal_block_total,89,31,16,0.6074676344299332,0.881300230462216,-0.2738325960322827,0.2738325960322827
they_sing,pronoun_anchor,P:they,True,full,family,morph,equal_block_total,89,31,16,0.7635518075466442,0.8121923981081587,-0.048640590561514485,0.048640590561514485
they_plur,pronoun_anchor,P:they,True,full,family,morph,equal_block_total,89,31,16,0.7819587681274587,0.8522043276487412,-0.07024555952128253,0.07024555952128253
we_pron,pronoun_anchor,P:we,True,full,family,morph,equal_block_total,89,36,16,0.6608770665908159,0.7644815311338164,-0.10360446454300054,0.10360446454300054
us_pron,pronoun_anchor,P:we,True,full,family,morph,equal_block_total,89,36,16,0.4617635711493958,0.8219377798060417,-0.36017420865664584,0.36017420865664584
our,pronoun_anchor,P:we,True,full,family,morph,equal_block_total,89,36,16,0.6726707018265727,0.8037061757870886,-0.13103547396051585,0.13103547396051585
ours,pronoun_anchor,P:we,True,full,family,morph,equal_block_total,89,36,16,0.43758762292667425,0.7515746211775024,-0.31398699825082815,0.31398699825082815
ourselves,pronoun_anchor,P:we,True,full,family,morph,equal_block_total,89,36,16,0.48344587270945943,0.8371513618020345,-0.3537054890925751,0.3537054890925751
you_pron_sing,pronoun_anchor,P:you,True,full,family,morph,equal_block_total,89,33,16,0.5030229298506642,0.8101124405808435,-0.3070895107301793,0.3070895107301793
you_pron_plur,pronoun_anchor,P:you,True,full,family,morph,equal_block_total,89,33,16,0.5126494897851173,0.8275254161931869,-0.3148759264080696,0.3148759264080696
your_sing,pronoun_anchor,P:you,True,full,family,morph,equal_block_total,89,33,16,0.6948260143997188,0.7975999909209603,-0.10277397652124154,0.10277397652124154
yours_sing,pronoun_anchor,P:you,True,full,family,morph,equal_block_total,89,33,16,0.456522668052952,0.7515746211775024,-0.2950519531245504,0.2950519531245504
your_plur,pronoun_anchor,P:you,True,full,family,morph,equal_block_total,89,33,16,0.6948260143997188,0.7975999909209603,-0.10277397652124154,0.10277397652124154
yours_plur,pronoun_anchor,P:you,True,full,family,morph,equal_block_total,89,33,16,0.456522668052952,0.7515746211775024,-0.2950519531245504,0.2950519531245504
yourself,pronoun_anchor,P:you,True,full,family,morph,equal_block_total,89,33,16,0.48381614600836176,0.8166577073608956,-0.33284156135253384,0.33284156135253384
yourselves,pronoun_anchor,P:you,True,full,family,morph,equal_block_total,89,33,16,0.4887808487379794,0.8308568033218515,-0.34207595458387213,0.34207595458387213
