pool,holdout,drop,metric,reference,n_controls,controls_correct,p_min,p_max,c_min,c_max,each_other_delta,each_other_within_pronoun_range,each_other_within_compound_range,each_other_between_control_ranges,one_another_delta,one_another_within_pronoun_range,one_another_within_compound_range,one_another_between_control_ranges,each_other_reference_percentile,one_another_reference_percentile
full,family,morph,dice,fixed_total,57,57,-0.2909812971910628,-0.0856549363289967,0.1365663191780621,0.2928722604943889,-0.0833096035175095,False,False,True,-0.0833096035175095,False,False,True,0.13025,0.12745
full,family,morph,dice,within_block,57,57,-0.2909812971910628,-0.0856549363289967,0.1365663191780621,0.2928722604943889,-0.0833096035175095,False,False,True,-0.0833096035175095,False,False,True,0.12315,0.12625
full,family,morph,hamming,fixed_total,57,57,-0.1315755873340142,-0.0101541147889462,0.0792911299899514,0.1565725769617247,-0.0203994244998629,True,False,False,-0.0203994244998629,True,False,False,0.12125,0.1188
full,family,morph,hamming,within_block,57,57,-0.1315755873340142,-0.0101541147889462,0.0792911299899514,0.1565725769617247,-0.0203994244998629,True,False,False,-0.0203994244998629,True,False,False,0.1134,0.11515
full,family,morph,idf_jaccard,fixed_total,57,57,-0.2420821450806312,-0.0210372847266523,0.1517174902330309,0.2652309137607278,-0.0397289048432883,True,False,False,-0.0397289048432883,True,False,False,0.06395,0.06425
full,family,morph,idf_jaccard,within_block,57,57,-0.2420821450806312,-0.0210372847266523,0.1517174902330309,0.2652309137607278,-0.0397289048432883,True,False,False,-0.0397289048432883,True,False,False,0.03255,0.0326
full,family,morph,jaccard,fixed_total,57,57,-0.2756447092359755,-0.0669282944681209,0.1323774096790536,0.2743256118575342,-0.0764086682597408,True,False,False,-0.0764086682597408,True,False,False,0.04385,0.04515
full,family,morph,jaccard,within_block,57,57,-0.2756447092359755,-0.0669282944681209,0.1323774096790536,0.2743256118575342,-0.0764086682597408,True,False,False,-0.0764086682597408,True,False,False,0.0419,0.0446
full,family,none,dice,fixed_total,57,57,-0.3355433943170684,-0.0461565851937795,0.2049377081615438,0.3471937999177775,0.0482520695214281,False,False,True,0.0549995810877577,False,False,True,0.83335,0.86745
full,family,none,dice,within_block,57,57,-0.3355433943170684,-0.0461565851937795,0.2049377081615438,0.3471937999177775,0.0482520695214281,False,False,True,0.0549995810877577,False,False,True,0.81845,0.8572
full,family,none,hamming,fixed_total,57,56,-0.1136363636363636,0.0104861354861354,0.0948289515362686,0.1411149825783972,0.0330218561925878,False,False,True,0.0362686094393411,False,False,True,0.747525,0.80015
full,family,none,hamming,within_block,57,56,-0.1136363636363636,0.0104861354861354,0.0948289515362686,0.1411149825783972,0.0330218561925878,False,False,True,0.0362686094393411,False,False,True,0.73155,0.788025
full,family,none,idf_jaccard,fixed_total,57,57,-0.2334697239701789,-0.0069748871273771,0.1666572095918537,0.2498596525882442,0.0350402621334876,False,False,True,0.0465589496082586,False,False,True,0.8928,0.9556
full,family,none,idf_jaccard,within_block,57,57,-0.2334697239701789,-0.0069748871273771,0.1666572095918537,0.2498596525882442,0.0350402621334876,False,False,True,0.0465589496082586,False,False,True,0.8318,0.92905
full,family,none,jaccard,fixed_total,57,57,-0.2949567039145228,-0.0355044815595858,0.1917469958665699,0.3040121444816234,0.0397758759773642,False,False,True,0.0455444433596636,False,False,True,0.9006,0.92855
full,family,none,jaccard,within_block,57,57,-0.2949567039145228,-0.0355044815595858,0.1917469958665699,0.3040121444816234,0.0397758759773642,False,False,True,0.0455444433596636,False,False,True,0.88425,0.91655
full,family,phon,dice,fixed_total,57,57,-0.3286829890273296,-0.0541186477884678,0.1985646580277074,0.3426602581496509,0.0398214706489885,False,False,True,0.0471814127014014,False,False,True,0.79055,0.8304
full,family,phon,dice,within_block,57,57,-0.3286829890273296,-0.0541186477884678,0.1985646580277074,0.3426602581496509,0.0398214706489885,False,False,True,0.0471814127014014,False,False,True,0.7955,0.8364
full,family,phon,hamming,fixed_total,57,56,-0.1221486387049302,0.0046089135493109,0.0907365530608947,0.1379421741237279,0.0277015021805847,False,False,True,0.0310127604587303,False,False,True,0.72185,0.78045
full,family,phon,hamming,within_block,57,56,-0.1221486387049302,0.0046089135493109,0.0907365530608947,0.1379421741237279,0.0277015021805847,False,False,True,0.0310127604587303,False,False,True,0.7346,0.7875
full,family,phon,idf_jaccard,fixed_total,57,57,-0.2287977976691432,-0.0093847027794194,0.1648769080204649,0.2487872940131413,0.0326733683833081,False,False,True,0.044808197142363,False,False,True,0.8687,0.942
full,family,phon,idf_jaccard,within_block,57,57,-0.2287977976691432,-0.0093847027794194,0.1648769080204649,0.2487872940131413,0.0326733683833081,False,False,True,0.044808197142363,False,False,True,0.81685,0.9208
full,family,phon,jaccard,fixed_total,57,57,-0.2891992426786949,-0.0418392514448082,0.1864226153282396,0.300118797691048,0.0322300913334905,False,False,True,0.0387212001777128,False,False,True,0.85245,0.8933
full,family,phon,jaccard,within_block,57,57,-0.2891992426786949,-0.0418392514448082,0.1864226153282396,0.300118797691048,0.0322300913334905,False,False,True,0.0387212001777128,False,False,True,0.8495,0.896
full,family,sem,dice,fixed_total,57,57,-0.3644807172459627,-0.0530138482051729,0.3204933369943213,0.3948139637192742,0.2198423775013826,False,False,True,0.220334011298714,False,False,True,0.9994,0.99945
full,family,sem,dice,within_block,57,57,-0.3644807172459627,-0.0530138482051729,0.3204933369943213,0.3948139637192742,0.2198423775013826,False,False,True,0.220334011298714,False,False,True,0.99895,0.9994
full,family,sem,hamming,fixed_total,57,56,-0.1108700109349371,0.0105502748511222,0.1137694639658261,0.1461864406779661,0.0778084952459694,False,False,True,0.0820457833815626,False,False,True,0.999,0.9993
full,family,sem,hamming,within_block,57,56,-0.1108700109349371,0.0105502748511222,0.1137694639658261,0.1461864406779661,0.0778084952459694,False,False,True,0.0820457833815626,False,False,True,0.99845,0.99925
full,family,sem,idf_jaccard,fixed_total,57,57,-0.2127051911258145,-0.0265435878924541,0.2268312398365073,0.304892011083449,0.1009254477276652,False,False,True,0.1046450139058629,False,False,True,0.9982,0.9987
full,family,sem,idf_jaccard,within_block,57,57,-0.2127051911258145,-0.0265435878924541,0.2268312398365073,0.304892011083449,0.1009254477276652,False,False,True,0.1046450139058629,False,False,True,0.99715,0.9988
full,family,sem,jaccard,fixed_total,57,57,-0.3067922373397134,-0.0410723315044915,0.3004428882143226,0.3684468715270413,0.1734350661593181,False,False,True,0.1717785814251597,False,False,True,0.99985,0.99995
full,family,sem,jaccard,within_block,57,57,-0.3067922373397134,-0.0410723315044915,0.3004428882143226,0.3684468715270413,0.1734350661593181,False,False,True,0.1717785814251597,False,False,True,0.9999,1.0
full,family,synt,dice,fixed_total,57,56,-0.4522749730462755,0.0097809769512362,0.1652072676678135,0.3771472395526999,0.0405532506274427,False,False,True,0.0498193004170413,False,False,True,0.79285,0.83235
full,family,synt,dice,within_block,57,56,-0.4522749730462755,0.0097809769512362,0.1652072676678135,0.3771472395526999,0.0405532506274427,False,False,True,0.0498193004170413,False,False,True,0.7337,0.79065
full,family,synt,hamming,fixed_total,57,56,-0.125534188034188,0.0366099272349272,0.0808122263914946,0.1352603189493434,0.0356472795497185,True,False,False,0.0404549718574109,False,False,True,0.5802,0.6706
full,family,synt,hamming,within_block,57,56,-0.125534188034188,0.0366099272349272,0.0808122263914946,0.1352603189493434,0.0356472795497185,True,False,False,0.0404549718574109,False,False,True,0.533075,0.630475
full,family,synt,idf_jaccard,fixed_total,57,56,-0.287023221317856,0.0226682176493472,0.1029644844984709,0.2170281784053993,0.0284767681190722,False,False,True,0.0445630060134403,False,False,True,0.81165,0.9259
full,family,synt,idf_jaccard,within_block,57,56,-0.287023221317856,0.0226682176493472,0.1029644844984709,0.2170281784053993,0.0284767681190722,False,False,True,0.0445630060134403,False,False,True,0.69355,0.873
full,family,synt,jaccard,fixed_total,57,56,-0.3833366692529653,0.0061628204456193,0.1465187756997348,0.3056043954840547,0.0363018819115236,False,False,True,0.043916585566144,False,False,True,0.86105,0.90015
full,family,synt,jaccard,within_block,57,56,-0.3833366692529653,0.0061628204456193,0.1465187756997348,0.3056043954840547,0.0363018819115236,False,False,True,0.043916585566144,False,False,True,0.8059,0.86225
full,item,morph,dice,fixed_total,57,57,-0.2971754393796414,-0.0947984716620113,0.1772946322481894,0.3139418535696551,-0.0833096035175095,False,False,True,-0.0833096035175095,False,False,True,0.13025,0.12745
full,item,morph,dice,within_block,57,57,-0.2971754393796414,-0.0947984716620113,0.1772946322481894,0.3139418535696551,-0.0833096035175095,False,False,True,-0.0833096035175095,False,False,True,0.12315,0.12625
full,item,morph,hamming,fixed_total,57,57,-0.1335674157303371,-0.0153089887640449,0.0987667854206631,0.1700557230291404,-0.0203994244998629,True,False,False,-0.0203994244998629,True,False,False,0.12125,0.1188
full,item,morph,hamming,within_block,57,57,-0.1335674157303371,-0.0153089887640449,0.0987667854206631,0.1700557230291404,-0.0203994244998629,True,False,False,-0.0203994244998629,True,False,False,0.1134,0.11515
full,item,morph,idf_jaccard,fixed_total,57,57,-0.237025360779349,-0.0339336152480194,0.2222416356180879,0.3206520748262442,-0.0397289048432883,True,False,False,-0.0397289048432883,True,False,False,0.06395,0.06425
full,item,morph,idf_jaccard,within_block,57,57,-0.237025360779349,-0.0339336152480194,0.2222416356180879,0.3206520748262442,-0.0397289048432883,True,False,False,-0.0397289048432883,True,False,False,0.03255,0.0326
full,item,morph,jaccard,fixed_total,57,57,-0.2830518159486867,-0.0745785168048943,0.1864992338519762,0.3082894625694261,-0.0764086682597408,True,False,False,-0.0764086682597408,True,False,False,0.04385,0.04515
full,item,morph,jaccard,within_block,57,57,-0.2830518159486867,-0.0745785168048943,0.1864992338519762,0.3082894625694261,-0.0764086682597408,True,False,False,-0.0764086682597408,True,False,False,0.0419,0.0446
full,item,none,dice,fixed_total,57,57,-0.3501969814625104,-0.0554648842032331,0.2477820756496537,0.3699485683316249,0.0482520695214281,False,False,True,0.0549995810877577,False,False,True,0.83335,0.86745
full,item,none,dice,within_block,57,57,-0.3501969814625104,-0.0554648842032331,0.2477820756496537,0.3699485683316249,0.0482520695214281,False,False,True,0.0549995810877577,False,False,True,0.81845,0.8572
full,item,none,hamming,fixed_total,57,56,-0.1168831168831169,0.006168831168831,0.1098722415795586,0.1510716925351072,0.0330218561925878,False,False,True,0.0362686094393411,False,False,True,0.747525,0.80015
full,item,none,hamming,within_block,57,56,-0.1168831168831169,0.006168831168831,0.1098722415795586,0.1510716925351072,0.0330218561925878,False,False,True,0.0362686094393411,False,False,True,0.73155,0.788025
full,item,none,idf_jaccard,fixed_total,57,57,-0.2222595163466952,-0.0207754790944173,0.243608063698687,0.3015233631763615,0.0350402621334876,False,False,True,0.0465589496082586,False,False,True,0.8928,0.9556
full,item,none,idf_jaccard,within_block,57,57,-0.2222595163466952,-0.0207754790944173,0.243608063698687,0.3015233631763615,0.0350402621334876,False,False,True,0.0465589496082586,False,False,True,0.8318,0.92905
full,item,none,jaccard,fixed_total,57,57,-0.3021301057547009,-0.0429940769423199,0.2468139350461535,0.33611711560615,0.0397758759773642,False,False,True,0.0455444433596636,False,False,True,0.9006,0.92855
full,item,none,jaccard,within_block,57,57,-0.3021301057547009,-0.0429940769423199,0.2468139350461535,0.33611711560615,0.0397758759773642,False,False,True,0.0455444433596636,False,False,True,0.88425,0.91655
full,item,phon,dice,fixed_total,57,57,-0.3420364024030674,-0.0637695027991284,0.2414090255158174,0.3654150265634983,0.0398214706489885,False,False,True,0.0471814127014014,False,False,True,0.79055,0.8304
full,item,phon,dice,within_block,57,57,-0.3420364024030674,-0.0637695027991284,0.2414090255158174,0.3654150265634983,0.0398214706489885,False,False,True,0.0471814127014014,False,False,True,0.7955,0.8364
full,item,phon,hamming,fixed_total,57,56,-0.1223509933774835,0.0001655629139072,0.1060787164163031,0.1480966995100414,0.0277015021805847,False,False,True,0.0310127604587303,False,False,True,0.72185,0.78045
full,item,phon,hamming,within_block,57,56,-0.1223509933774835,0.0001655629139072,0.1060787164163031,0.1480966995100414,0.0277015021805847,False,False,True,0.0310127604587303,False,False,True,0.7346,0.7875
full,item,phon,idf_jaccard,fixed_total,57,57,-0.2175450732600474,-0.0235286800464203,0.2415189591248779,0.3002975900410682,0.0326733683833081,False,False,True,0.044808197142363,False,False,True,0.8687,0.942
full,item,phon,idf_jaccard,within_block,57,57,-0.2175450732600474,-0.0235286800464203,0.2415189591248779,0.3002975900410682,0.0326733683833081,False,False,True,0.044808197142363,False,False,True,0.81685,0.9208
full,item,phon,jaccard,fixed_total,57,57,-0.2965173654604263,-0.0497004546334117,0.2414895545078232,0.3318169040215072,0.0322300913334905,False,False,True,0.0387212001777128,False,False,True,0.85245,0.8933
full,item,phon,jaccard,within_block,57,57,-0.2965173654604263,-0.0497004546334117,0.2414895545078232,0.3318169040215072,0.0322300913334905,False,False,True,0.0387212001777128,False,False,True,0.8495,0.896
full,item,sem,dice,fixed_total,57,57,-0.3795671420162765,-0.0590568233371687,0.347897955666546,0.41943618879438,0.2198423775013826,False,False,True,0.220334011298714,False,False,True,0.9994,0.99945
full,item,sem,dice,within_block,57,57,-0.3795671420162765,-0.0590568233371687,0.347897955666546,0.41943618879438,0.2198423775013826,False,False,True,0.220334011298714,False,False,True,0.99895,0.9994
full,item,sem,hamming,fixed_total,57,56,-0.1145127118644068,0.0070974576271185,0.11758302328786,0.1542372881355932,0.0778084952459694,False,False,True,0.0820457833815626,False,False,True,0.999,0.9993
full,item,sem,hamming,within_block,57,56,-0.1145127118644068,0.0070974576271185,0.11758302328786,0.1542372881355932,0.0778084952459694,False,False,True,0.0820457833815626,False,False,True,0.99845,0.99925
full,item,sem,idf_jaccard,fixed_total,57,57,-0.2149659593733178,-0.0365088598133418,0.2621096261726076,0.3435955564785754,0.1009254477276652,False,False,True,0.1046450139058629,False,False,True,0.9982,0.9987
full,item,sem,idf_jaccard,within_block,57,57,-0.2149659593733178,-0.0365088598133418,0.2621096261726076,0.3435955564785754,0.1009254477276652,False,False,True,0.1046450139058629,False,False,True,0.99715,0.9988
full,item,sem,jaccard,fixed_total,57,57,-0.3246148030875185,-0.0455568788865469,0.31362711788231,0.4015684805943025,0.1734350661593181,False,False,True,0.1717785814251597,False,False,True,0.99985,0.99995
full,item,sem,jaccard,within_block,57,57,-0.3246148030875185,-0.0455568788865469,0.31362711788231,0.4015684805943025,0.1734350661593181,False,False,True,0.1717785814251597,False,False,True,0.9999,1.0
full,item,synt,dice,fixed_total,57,57,-0.4628568900035974,-0.0022460414874038,0.2203270494514947,0.4143936848636614,0.0405532506274427,False,False,True,0.0498193004170413,False,False,True,0.79285,0.83235
full,item,synt,dice,within_block,57,57,-0.4628568900035974,-0.0022460414874038,0.2203270494514947,0.4143936848636614,0.0405532506274427,False,False,True,0.0498193004170413,False,False,True,0.7337,0.79065
full,item,synt,hamming,fixed_total,57,56,-0.1278846153846153,0.0322115384615384,0.0957160725453407,0.1459974984365229,0.0356472795497185,False,False,True,0.0404549718574109,False,False,True,0.5802,0.6706
full,item,synt,hamming,within_block,57,56,-0.1278846153846153,0.0322115384615384,0.0957160725453407,0.1459974984365229,0.0356472795497185,False,False,True,0.0404549718574109,False,False,True,0.533075,0.630475
full,item,synt,idf_jaccard,fixed_total,57,56,-0.2831148359566315,0.0062334060267332,0.1956966435962249,0.2713076245264451,0.0284767681190722,False,False,True,0.0445630060134403,False,False,True,0.81165,0.9259
full,item,synt,idf_jaccard,within_block,57,56,-0.2831148359566315,0.0062334060267332,0.1956966435962249,0.2713076245264451,0.0284767681190722,False,False,True,0.0445630060134403,False,False,True,0.69355,0.873
full,item,synt,jaccard,fixed_total,57,57,-0.3891688434991201,-0.0033392854481364,0.2106642417473748,0.3358459628340235,0.0363018819115236,False,False,True,0.043916585566144,False,False,True,0.86105,0.90015
full,item,synt,jaccard,within_block,57,57,-0.3891688434991201,-0.0033392854481364,0.2106642417473748,0.3358459628340235,0.0363018819115236,False,False,True,0.043916585566144,False,False,True,0.8059,0.86225
nonlocative,family,morph,dice,fixed_total,53,53,-0.2506024567133558,-0.0767147238579003,0.1908467016403838,0.3195139235632317,-0.0434876888794185,False,False,True,-0.0434876888794185,False,False,True,0.26475,0.26665
nonlocative,family,morph,dice,within_block,53,53,-0.2506024567133558,-0.0767147238579003,0.1908467016403838,0.3195139235632317,-0.0434876888794185,False,False,True,-0.0434876888794185,False,False,True,0.2749,0.2803
nonlocative,family,morph,hamming,fixed_total,53,53,-0.1257235274089206,-0.0164743395080473,0.0992661612009377,0.1665600925672178,-0.0126747053987393,False,False,True,-0.0126747053987393,False,False,True,0.280525,0.2826
nonlocative,family,morph,hamming,within_block,53,53,-0.1257235274089206,-0.0164743395080473,0.0992661612009377,0.1665600925672178,-0.0126747053987393,False,False,True,-0.0126747053987393,False,False,True,0.28595,0.29015
nonlocative,family,morph,idf_jaccard,fixed_total,53,53,-0.2405560950963472,-0.0190480581591617,0.2075229181929201,0.3293540282558068,-0.0202485806203879,True,False,False,-0.0202485806203879,True,False,False,0.1681,0.16835
nonlocative,family,morph,idf_jaccard,within_block,53,53,-0.2405560950963472,-0.0190480581591617,0.2075229181929201,0.3293540282558068,-0.0202485806203879,True,False,False,-0.0202485806203879,True,False,False,0.11565,0.11645
nonlocative,family,morph,jaccard,fixed_total,53,53,-0.2524345305497311,-0.0605268822062013,0.1860962608516728,0.3254646812279033,-0.0444737395436665,False,False,True,-0.0444737395436665,False,False,True,0.153,0.15095
nonlocative,family,morph,jaccard,within_block,53,53,-0.2524345305497311,-0.0605268822062013,0.1860962608516728,0.3254646812279033,-0.0444737395436665,False,False,True,-0.0444737395436665,False,False,True,0.15775,0.16345
nonlocative,family,none,dice,fixed_total,53,53,-0.297794801672083,-0.0322435622982703,0.2553258156425616,0.3630855685793023,0.0822493110588769,False,False,True,0.0913711221423614,False,False,True,0.9291,0.9502
nonlocative,family,none,dice,within_block,53,53,-0.297794801672083,-0.0322435622982703,0.2553258156425616,0.3630855685793023,0.0822493110588769,False,False,True,0.0913711221423614,False,False,True,0.9318,0.95
nonlocative,family,none,hamming,fixed_total,53,52,-0.1076839826839827,0.0077805077805077,0.1087178404251575,0.146886988350403,0.0384331116038432,False,False,True,0.0427621159328476,False,False,True,0.8962,0.9273
nonlocative,family,none,hamming,within_block,53,52,-0.1076839826839827,0.0077805077805077,0.1087178404251575,0.146886988350403,0.0384331116038432,False,False,True,0.0427621159328476,False,False,True,0.899025,0.927125
nonlocative,family,none,idf_jaccard,fixed_total,53,53,-0.2184209722854636,-0.0002927737553981,0.2112188746933792,0.3006226547907942,0.0533653531406038,False,False,True,0.0675668130303813,False,False,True,0.9498,0.98415
nonlocative,family,none,idf_jaccard,within_block,53,53,-0.2184209722854636,-0.0002927737553981,0.2112188746933792,0.3006226547907942,0.0533653531406038,False,False,True,0.0675668130303813,False,False,True,0.92695,0.9778
nonlocative,family,none,jaccard,fixed_total,53,53,-0.2712594044779257,-0.0257237289700114,0.2417619094539054,0.3549424675696594,0.0685685133613328,False,False,True,0.0759323308459946,False,False,True,0.97585,0.98595
nonlocative,family,none,jaccard,within_block,53,53,-0.2712594044779257,-0.0257237289700114,0.2417619094539054,0.3549424675696594,0.0685685133613328,False,False,True,0.0759323308459946,False,False,True,0.97575,0.98585
nonlocative,family,phon,dice,fixed_total,53,53,-0.3067538008398551,-0.0402056248929586,0.2489527655087252,0.3569899803005937,0.0738187121864373,False,False,True,0.0835529537560051,False,False,True,0.90435,0.9315
nonlocative,family,phon,dice,within_block,53,53,-0.3067538008398551,-0.0402056248929586,0.2489527655087252,0.3569899803005937,0.0738187121864373,False,False,True,0.0835529537560051,False,False,True,0.9144,0.9405
nonlocative,family,phon,hamming,fixed_total,53,52,-0.1160779985283296,0.0018495316508561,0.1049013801396291,0.1438288555070981,0.0332202659774942,False,False,True,0.0376352770150217,False,False,True,0.885275,0.9162
nonlocative,family,phon,hamming,within_block,53,52,-0.1160779985283296,0.0018495316508561,0.1049013801396291,0.1438288555070981,0.0332202659774942,False,False,True,0.0376352770150217,False,False,True,0.89555,0.927725
nonlocative,family,phon,idf_jaccard,fixed_total,53,53,-0.2139375340826909,-0.002335356572041,0.2096105177053426,0.2996715648250343,0.0512174280909136,False,False,True,0.0659831757935672,False,False,True,0.938,0.9783
nonlocative,family,phon,idf_jaccard,within_block,53,53,-0.2139375340826909,-0.002335356572041,0.2096105177053426,0.2996715648250343,0.0512174280909136,False,False,True,0.0659831757935672,False,False,True,0.91885,0.97495
nonlocative,family,phon,jaccard,fixed_total,53,53,-0.2760029327710163,-0.0320584988552338,0.2364375289155751,0.3501981078289963,0.0610227287174591,False,False,True,0.0691090876640437,False,False,True,0.96045,0.97435
nonlocative,family,phon,jaccard,within_block,53,53,-0.2760029327710163,-0.0320584988552338,0.2364375289155751,0.3501981078289963,0.0610227287174591,False,False,True,0.0691090876640437,False,False,True,0.96265,0.9784
nonlocative,family,sem,dice,fixed_total,53,53,-0.3303369500356615,-0.0173838575173633,0.3611184826087197,0.4371335435193468,0.2556108711886502,False,False,True,0.260249157422556,False,False,True,0.9998,0.99995
nonlocative,family,sem,dice,within_block,53,53,-0.3303369500356615,-0.0173838575173633,0.3611184826087197,0.4371335435193468,0.2556108711886502,False,False,True,0.260249157422556,False,False,True,0.9998,0.9999
nonlocative,family,sem,hamming,fixed_total,53,52,-0.1092810278840896,0.0100206138341731,0.132377933948831,0.1563088512241054,0.0804568003307151,False,False,True,0.0861065178448395,False,False,True,0.9998,0.99995
nonlocative,family,sem,hamming,within_block,53,52,-0.1092810278840896,0.0100206138341731,0.132377933948831,0.1563088512241054,0.0804568003307151,False,False,True,0.0861065178448395,False,False,True,0.9998,0.99985
nonlocative,family,sem,idf_jaccard,fixed_total,53,53,-0.202757225650995,-0.0148596731627922,0.286682773793007,0.3607860166409997,0.1180111145611141,False,False,True,0.1263237805672934,False,False,True,0.998,0.99915
nonlocative,family,sem,idf_jaccard,within_block,53,53,-0.202757225650995,-0.0148596731627922,0.286682773793007,0.3607860166409997,0.1180111145611141,False,False,True,0.1263237805672934,False,False,True,0.9976,0.9991
nonlocative,family,sem,jaccard,fixed_total,53,53,-0.2853606118639702,-0.0169497447655814,0.3449071174007741,0.4164736897169029,0.20522732884832,False,False,True,0.2064188215862332,False,False,True,1.0,0.99995
nonlocative,family,sem,jaccard,within_block,53,53,-0.2853606118639702,-0.0169497447655814,0.3449071174007741,0.4164736897169029,0.20522732884832,False,False,True,0.2064188215862332,False,False,True,0.99995,1.0
nonlocative,family,synt,dice,fixed_total,53,52,-0.4316312753790366,0.0074244187885186,0.2193104636056867,0.3502152639347524,0.066340667424478,False,False,True,0.0792463595063987,False,False,True,0.87575,0.9114
nonlocative,family,synt,dice,within_block,53,52,-0.4316312753790366,0.0074244187885186,0.2193104636056867,0.3502152639347524,0.066340667424478,False,False,True,0.0792463595063987,False,False,True,0.8343,0.88685
nonlocative,family,synt,hamming,fixed_total,53,52,-0.1191239316239316,0.0346067221067221,0.0955023973316655,0.1243224932249323,0.0420575359599749,False,False,True,0.0484677923702314,False,False,True,0.703,0.7973
nonlocative,family,synt,hamming,within_block,53,52,-0.1191239316239316,0.0346067221067221,0.0955023973316655,0.1243224932249323,0.0420575359599749,False,False,True,0.0484677923702314,False,False,True,0.663975,0.7638
nonlocative,family,synt,idf_jaccard,fixed_total,53,52,-0.2719897703989485,0.0297437628487705,0.1364821076006436,0.2150263781734966,0.0462763800154139,False,False,True,0.0657716729771099,False,False,True,0.9101,0.9734
nonlocative,family,synt,idf_jaccard,within_block,53,52,-0.2719897703989485,0.0297437628487705,0.1364821076006436,0.2150263781734966,0.0462763800154139,False,False,True,0.0657716729771099,False,False,True,0.85045,0.95775
nonlocative,family,synt,jaccard,fixed_total,53,52,-0.3673868484644346,0.0044985704761633,0.1952774546214571,0.3239370730204214,0.058514497194791,False,False,True,0.0687968577697857,False,False,True,0.94035,0.96305
nonlocative,family,synt,jaccard,within_block,53,52,-0.3673868484644346,0.0044985704761633,0.1952774546214571,0.3239370730204214,0.058514497194791,False,False,True,0.0687968577697857,False,False,True,0.9109,0.94605
nonlocative,item,morph,dice,fixed_total,53,53,-0.254031113135732,-0.0858582591909149,0.2340944243454708,0.3519654226813975,-0.0434876888794185,False,False,True,-0.0434876888794185,False,False,True,0.26475,0.26665
nonlocative,item,morph,dice,within_block,53,53,-0.254031113135732,-0.0858582591909149,0.2340944243454708,0.3519654226813975,-0.0434876888794185,False,False,True,-0.0434876888794185,False,False,True,0.2749,0.2803
nonlocative,item,morph,hamming,fixed_total,53,53,-0.1237827715355804,-0.021629213483146,0.1208301153491615,0.179725454047186,-0.0126747053987393,False,False,True,-0.0126747053987393,False,False,True,0.280525,0.2826
nonlocative,item,morph,hamming,within_block,53,53,-0.1237827715355804,-0.021629213483146,0.1208301153491615,0.179725454047186,-0.0126747053987393,False,False,True,-0.0126747053987393,False,False,True,0.28595,0.29015
nonlocative,item,morph,idf_jaccard,fixed_total,53,53,-0.2294785761616411,-0.0347722491300143,0.2731501081784721,0.3922563906789817,-0.0202485806203879,False,False,True,-0.0202485806203879,False,False,True,0.1681,0.16835
nonlocative,item,morph,idf_jaccard,within_block,53,53,-0.2294785761616411,-0.0347722491300143,0.2731501081784721,0.3922563906789817,-0.0202485806203879,False,False,True,-0.0202485806203879,False,False,True,0.11565,0.11645
nonlocative,item,morph,jaccard,fixed_total,53,53,-0.2528668127447337,-0.0681771045429747,0.2482208090655628,0.3743622086361753,-0.0444737395436665,False,False,True,-0.0444737395436665,False,False,True,0.153,0.15095
nonlocative,item,morph,jaccard,within_block,53,53,-0.2528668127447337,-0.0681771045429747,0.2482208090655628,0.3743622086361753,-0.0444737395436665,False,False,True,-0.0444737395436665,False,False,True,0.15775,0.16345
nonlocative,item,none,dice,fixed_total,53,53,-0.3166902510361253,-0.0415518613077239,0.2973241556647007,0.3901415981954156,0.0822493110588769,False,False,True,0.0913711221423614,False,False,True,0.9291,0.9502
nonlocative,item,none,dice,within_block,53,53,-0.3166902510361253,-0.0415518613077239,0.2973241556647007,0.3901415981954156,0.0822493110588769,False,False,True,0.0913711221423614,False,False,True,0.9318,0.95
nonlocative,item,none,hamming,fixed_total,53,52,-0.1117424242424242,0.0034632034632033,0.1241973104500821,0.1558729518818211,0.0384331116038432,False,False,True,0.0427621159328476,False,False,True,0.8962,0.9273
nonlocative,item,none,hamming,within_block,53,52,-0.1117424242424242,0.0034632034632033,0.1241973104500821,0.1558729518818211,0.0384331116038432,False,False,True,0.0427621159328476,False,False,True,0.899025,0.927125
nonlocative,item,none,idf_jaccard,fixed_total,53,53,-0.2075758847700936,-0.0158224319913754,0.2838901475661775,0.357432184598066,0.0533653531406038,False,False,True,0.0675668130303813,False,False,True,0.9498,0.98415
nonlocative,item,none,idf_jaccard,within_block,53,53,-0.2075758847700936,-0.0158224319913754,0.2838901475661775,0.357432184598066,0.0533653531406038,False,False,True,0.0675668130303813,False,False,True,0.92695,0.9778
nonlocative,item,none,jaccard,fixed_total,53,53,-0.2800269236130498,-0.0332133243527454,0.3002637226358641,0.3935601400798234,0.0685685133613328,False,False,True,0.0759323308459946,False,False,True,0.97585,0.98595
nonlocative,item,none,jaccard,within_block,53,53,-0.2800269236130498,-0.0332133243527454,0.3002637226358641,0.3935601400798234,0.0685685133613328,False,False,True,0.0759323308459946,False,False,True,0.97575,0.98585
nonlocative,item,phon,dice,fixed_total,53,53,-0.3127867747978186,-0.0498564799036191,0.2909511055308643,0.384046009916707,0.0738187121864373,False,False,True,0.0835529537560051,False,False,True,0.90435,0.9315
nonlocative,item,phon,dice,within_block,53,53,-0.3127867747978186,-0.0498564799036191,0.2909511055308643,0.384046009916707,0.0738187121864373,False,False,True,0.0835529537560051,False,False,True,0.9144,0.9405
nonlocative,item,phon,hamming,fixed_total,53,53,-0.1162803532008829,-0.0025938189845474,0.1206883893041217,0.1529933481152993,0.0332202659774942,False,False,True,0.0376352770150217,False,False,True,0.885275,0.9162
nonlocative,item,phon,hamming,within_block,53,53,-0.1162803532008829,-0.0025938189845474,0.1206883893041217,0.1529933481152993,0.0332202659774942,False,False,True,0.0376352770150217,False,False,True,0.89555,0.927725
nonlocative,item,phon,idf_jaccard,fixed_total,53,53,-0.2030439179259812,-0.0182362955483575,0.2823701573957562,0.3563796705680585,0.0512174280909136,False,False,True,0.0659831757935672,False,False,True,0.938,0.9783
nonlocative,item,phon,idf_jaccard,within_block,53,53,-0.2030439179259812,-0.0182362955483575,0.2823701573957562,0.3563796705680585,0.0512174280909136,False,False,True,0.0659831757935672,False,False,True,0.91885,0.97495
nonlocative,item,phon,jaccard,fixed_total,53,53,-0.2800849516469686,-0.0399197020438373,0.2949393420975338,0.3888157803391603,0.0610227287174591,False,False,True,0.0691090876640437,False,False,True,0.96045,0.97435
nonlocative,item,phon,jaccard,within_block,53,53,-0.2800849516469686,-0.0399197020438373,0.2949393420975338,0.3888157803391603,0.0610227287174591,False,False,True,0.0691090876640437,False,False,True,0.96265,0.9784
nonlocative,item,sem,dice,fixed_total,53,53,-0.3454233748059753,-0.0234268326493591,0.3943755553399544,0.4614753841855349,0.2556108711886502,False,False,True,0.260249157422556,False,False,True,0.9998,0.99995
nonlocative,item,sem,dice,within_block,53,53,-0.3454233748059753,-0.0234268326493591,0.3943755553399544,0.4614753841855349,0.2556108711886502,False,False,True,0.260249157422556,False,False,True,0.9998,0.9999
nonlocative,item,sem,hamming,fixed_total,53,52,-0.1129237288135593,0.0065677966101694,0.1441053778796647,0.1640986132511556,0.0804568003307151,False,False,True,0.0861065178448395,False,False,True,0.9998,0.99995
nonlocative,item,sem,hamming,within_block,53,52,-0.1129237288135593,0.0065677966101694,0.1441053778796647,0.1640986132511556,0.0804568003307151,False,False,True,0.0861065178448395,False,False,True,0.9998,0.99985
nonlocative,item,sem,idf_jaccard,fixed_total,53,53,-0.1998153512125858,-0.024975179657585,0.3478267473995814,0.4038374428381133,0.1180111145611141,False,False,True,0.1263237805672934,False,False,True,0.998,0.99915
nonlocative,item,sem,idf_jaccard,within_block,53,53,-0.1998153512125858,-0.024975179657585,0.3478267473995814,0.4038374428381133,0.1180111145611141,False,False,True,0.1263237805672934,False,False,True,0.9976,0.9991
nonlocative,item,sem,jaccard,fixed_total,53,53,-0.3031831776117754,-0.0214342921476368,0.3933281258509479,0.4515919779577209,0.20522732884832,False,False,True,0.2064188215862332,False,False,True,1.0,0.99995
nonlocative,item,sem,jaccard,within_block,53,53,-0.3031831776117754,-0.0214342921476368,0.3933281258509479,0.4515919779577209,0.20522732884832,False,False,True,0.2064188215862332,False,False,True,0.99995,1.0
nonlocative,item,synt,dice,fixed_total,53,53,-0.4422131923363585,-0.0046025996501214,0.2695645861083861,0.3756326848571987,0.066340667424478,False,False,True,0.0792463595063987,False,False,True,0.87575,0.9114
nonlocative,item,synt,dice,within_block,53,53,-0.4422131923363585,-0.0046025996501214,0.2695645861083861,0.3756326848571987,0.066340667424478,False,False,True,0.0792463595063987,False,False,True,0.8343,0.88685
nonlocative,item,synt,hamming,fixed_total,53,52,-0.1214743589743589,0.0302083333333333,0.1095855364148046,0.1344235033259423,0.0420575359599749,False,False,True,0.0484677923702314,False,False,True,0.703,0.7973
nonlocative,item,synt,hamming,within_block,53,52,-0.1214743589743589,0.0302083333333333,0.1095855364148046,0.1344235033259423,0.0420575359599749,False,False,True,0.0484677923702314,False,False,True,0.663975,0.7638
nonlocative,item,synt,idf_jaccard,fixed_total,53,52,-0.2677381036356434,0.0111960824623584,0.2266117201957825,0.2752025874246395,0.0462763800154139,False,False,True,0.0657716729771099,False,False,True,0.9101,0.9734
nonlocative,item,synt,idf_jaccard,within_block,53,52,-0.2677381036356434,0.0111960824623584,0.2266117201957825,0.2752025874246395,0.0462763800154139,False,False,True,0.0657716729771099,False,False,True,0.85045,0.95775
nonlocative,item,synt,jaccard,fixed_total,53,53,-0.3732190227105894,-0.0050035354175924,0.2579364962288371,0.3546907226684938,0.058514497194791,False,False,True,0.0687968577697857,False,False,True,0.94035,0.96305
nonlocative,item,synt,jaccard,within_block,53,53,-0.3732190227105894,-0.0050035354175924,0.2579364962288371,0.3546907226684938,0.058514497194791,False,False,True,0.0687968577697857,False,False,True,0.9109,0.94605
