pool,holdout,drop,metric,role,count,minimum,median,maximum
full,family,morph,dice,compound_anchor,16,0.1365663191780621,0.25842150091782684,0.2928722604943889
full,family,morph,dice,pronoun_anchor,41,0.0856549363289967,0.2055871933168563,0.2909812971910628
full,family,morph,hamming,compound_anchor,16,0.0792911299899514,0.1292819950671416,0.1565725769617247
full,family,morph,hamming,pronoun_anchor,41,0.0101541147889462,0.0999106230847805,0.1315755873340142
full,family,morph,idf_jaccard,compound_anchor,16,0.1517174902330309,0.2229827895408449,0.2652309137607278
full,family,morph,idf_jaccard,pronoun_anchor,41,0.0210372847266523,0.1691610101501007,0.2420821450806312
full,family,morph,jaccard,compound_anchor,16,0.1323774096790536,0.24339947241385018,0.2743256118575342
full,family,morph,jaccard,pronoun_anchor,41,0.0669282944681209,0.2132587442458546,0.2756447092359755
full,family,none,dice,compound_anchor,16,0.2049377081615438,0.30442898744338953,0.3471937999177775
full,family,none,dice,pronoun_anchor,41,0.0461565851937795,0.2576504858456627,0.3355433943170684
full,family,none,hamming,compound_anchor,16,0.0948289515362686,0.1220963995354239,0.1411149825783972
full,family,none,hamming,pronoun_anchor,41,-0.0104861354861354,0.0909529659529659,0.1136363636363636
full,family,none,idf_jaccard,compound_anchor,16,0.1666572095918537,0.21921436468138034,0.2498596525882442
full,family,none,idf_jaccard,pronoun_anchor,41,0.0069748871273771,0.1634237563726005,0.2334697239701789
full,family,none,jaccard,compound_anchor,16,0.1917469958665699,0.2796334293013686,0.3040121444816234
full,family,none,jaccard,pronoun_anchor,41,0.0355044815595858,0.2381889927501596,0.2949567039145228
full,family,phon,dice,compound_anchor,16,0.1985646580277074,0.29850511428237403,0.3426602581496509
full,family,phon,dice,pronoun_anchor,41,0.0541186477884678,0.2535575993883784,0.3286829890273296
full,family,phon,hamming,compound_anchor,16,0.0907365530608947,0.1185457384375169,0.1379421741237279
full,family,phon,hamming,pronoun_anchor,41,-0.0046089135493109,0.0895879323031641,0.1221486387049302
full,family,phon,idf_jaccard,compound_anchor,16,0.1648769080204649,0.2181795615555729,0.2487872940131413
full,family,phon,idf_jaccard,pronoun_anchor,41,0.0093847027794194,0.1632206286087183,0.2287977976691432
full,family,phon,jaccard,compound_anchor,16,0.1864226153282396,0.2759125757257108,0.300118797691048
full,family,phon,jaccard,pronoun_anchor,41,0.0418392514448082,0.2360728541605548,0.2891992426786949
full,family,sem,dice,compound_anchor,16,0.3204933369943213,0.36782023869455127,0.3948139637192742
full,family,sem,dice,pronoun_anchor,41,0.0530138482051729,0.2511877384184579,0.3644807172459627
full,family,sem,hamming,compound_anchor,16,0.1137694639658261,0.13132148270635247,0.1461864406779661
full,family,sem,hamming,pronoun_anchor,41,-0.0105502748511222,0.07635661563696,0.1108700109349371
full,family,sem,idf_jaccard,compound_anchor,16,0.2268312398365073,0.2629074684933834,0.304892011083449
full,family,sem,idf_jaccard,pronoun_anchor,41,0.0265435878924541,0.1474763069703841,0.2127051911258145
full,family,sem,jaccard,compound_anchor,16,0.3004428882143226,0.32614877531647785,0.3684468715270413
full,family,sem,jaccard,pronoun_anchor,41,0.0410723315044915,0.231050591879158,0.3067922373397134
full,family,synt,dice,compound_anchor,16,0.1652072676678135,0.28650244004883973,0.3771472395526999
full,family,synt,dice,pronoun_anchor,41,-0.0097809769512362,0.3467390858836258,0.4522749730462755
full,family,synt,hamming,compound_anchor,16,0.0808122263914946,0.10770403377110685,0.1352603189493434
full,family,synt,hamming,pronoun_anchor,41,-0.0366099272349272,0.0959599875930521,0.125534188034188
full,family,synt,idf_jaccard,compound_anchor,16,0.1029644844984709,0.1720157385296721,0.2170281784053993
full,family,synt,idf_jaccard,pronoun_anchor,41,-0.0226682176493472,0.179029908004663,0.287023221317856
full,family,synt,jaccard,compound_anchor,16,0.1465187756997348,0.2623197425981261,0.3056043954840547
full,family,synt,jaccard,pronoun_anchor,41,-0.0061628204456193,0.2982368085842659,0.3833366692529653
full,item,morph,dice,compound_anchor,16,0.1772946322481894,0.28732536812717024,0.3139418535696551
full,item,morph,dice,pronoun_anchor,41,0.0947984716620113,0.2101672128205317,0.2971754393796414
full,item,morph,hamming,compound_anchor,16,0.0987667854206631,0.14428610578240603,0.1700557230291404
full,item,morph,hamming,pronoun_anchor,41,0.0153089887640449,0.1043539325842696,0.1335674157303371
full,item,morph,idf_jaccard,compound_anchor,16,0.2222416356180879,0.2859554330070544,0.3206520748262442
full,item,morph,idf_jaccard,pronoun_anchor,41,0.0339336152480194,0.1842240563605264,0.237025360779349
full,item,morph,jaccard,compound_anchor,16,0.1864992338519762,0.2793709086823738,0.3082894625694261
full,item,morph,jaccard,pronoun_anchor,41,0.0745785168048943,0.2135414886576345,0.2830518159486867
full,item,none,dice,compound_anchor,16,0.2477820756496537,0.3325133137790993,0.3699485683316249
full,item,none,dice,pronoun_anchor,41,0.0554648842032331,0.2705866264695439,0.3501969814625104
full,item,none,hamming,compound_anchor,16,0.1098722415795586,0.1343258367648611,0.1510716925351072
full,item,none,hamming,pronoun_anchor,41,-0.006168831168831,0.0959415584415585,0.1168831168831169
full,item,none,idf_jaccard,compound_anchor,16,0.243608063698687,0.2790527860405233,0.3015233631763615
full,item,none,idf_jaccard,pronoun_anchor,41,0.0207754790944173,0.1768938439915229,0.2222595163466952
full,item,none,jaccard,compound_anchor,16,0.2468139350461535,0.3147216135402452,0.33611711560615
full,item,none,jaccard,pronoun_anchor,41,0.0429940769423199,0.2482381672416826,0.3021301057547009
full,item,phon,dice,compound_anchor,16,0.2414090255158174,0.32676403767903095,0.3654150265634983
full,item,phon,dice,pronoun_anchor,41,0.0637695027991284,0.2750248041404972,0.3420364024030674
full,item,phon,hamming,compound_anchor,16,0.1060787164163031,0.1310181446185324,0.1480966995100414
full,item,phon,hamming,pronoun_anchor,41,-0.0001655629139072,0.0947019867549669,0.1223509933774835
full,item,phon,idf_jaccard,compound_anchor,16,0.2415189591248779,0.27779180534029746,0.3002975900410682
full,item,phon,idf_jaccard,pronoun_anchor,41,0.0235286800464203,0.1759300422604615,0.2175450732600474
full,item,phon,jaccard,compound_anchor,16,0.2414895545078232,0.3109390552498754,0.3318169040215072
full,item,phon,jaccard,pronoun_anchor,41,0.0497004546334117,0.2499175883051952,0.2965173654604263
full,item,sem,dice,compound_anchor,16,0.347897955666546,0.3951006666713039,0.41943618879438
full,item,sem,dice,pronoun_anchor,41,0.0590568233371687,0.2580627850331419,0.3795671420162765
full,item,sem,hamming,compound_anchor,16,0.11758302328786,0.13929998622020115,0.1542372881355932
full,item,sem,hamming,pronoun_anchor,41,-0.0070974576271185,0.079343220338983,0.1145127118644068
full,item,sem,idf_jaccard,compound_anchor,16,0.2621096261726076,0.31072989511177607,0.3435955564785754
full,item,sem,idf_jaccard,pronoun_anchor,41,0.0365088598133418,0.1621271730020337,0.2149659593733178
full,item,sem,jaccard,compound_anchor,16,0.31362711788231,0.35891385987568347,0.4015684805943025
full,item,sem,jaccard,pronoun_anchor,41,0.0455568788865469,0.2354053778414002,0.3246148030875185
full,item,synt,dice,compound_anchor,16,0.2203270494514947,0.3211291924465456,0.4143936848636614
full,item,synt,dice,pronoun_anchor,41,0.0022460414874038,0.3595315683922713,0.4628568900035974
full,item,synt,hamming,compound_anchor,16,0.0957160725453407,0.1194027517198248,0.1459974984365229
full,item,synt,hamming,pronoun_anchor,41,-0.0322115384615384,0.1086538461538461,0.1278846153846153
full,item,synt,idf_jaccard,compound_anchor,16,0.1956966435962249,0.24265117826083138,0.2713076245264451
full,item,synt,idf_jaccard,pronoun_anchor,41,-0.0062334060267332,0.2096713859206459,0.2831148359566315
full,item,synt,jaccard,compound_anchor,16,0.2106642417473748,0.29939227260173706,0.3358459628340235
full,item,synt,jaccard,pronoun_anchor,41,0.0033392854481364,0.3327377354309876,0.3891688434991201
nonlocative,family,morph,dice,compound_anchor,12,0.1908467016403838,0.3083010801416461,0.3195139235632317
nonlocative,family,morph,dice,pronoun_anchor,41,0.0767147238579003,0.1858667130585852,0.2506024567133558
nonlocative,family,morph,hamming,compound_anchor,12,0.0992661612009377,0.1495691361407995,0.1665600925672178
nonlocative,family,morph,hamming,pronoun_anchor,41,0.0164743395080473,0.0941643891082092,0.1257235274089206
nonlocative,family,morph,idf_jaccard,compound_anchor,12,0.2075229181929201,0.2794839993349507,0.3293540282558068
nonlocative,family,morph,idf_jaccard,pronoun_anchor,41,0.0190480581591617,0.1505465974719846,0.2405560950963472
nonlocative,family,morph,jaccard,compound_anchor,12,0.1860962608516728,0.3024077345489446,0.3254646812279033
nonlocative,family,morph,jaccard,pronoun_anchor,41,0.0605268822062013,0.1862767925437136,0.2524345305497311
nonlocative,family,none,dice,compound_anchor,12,0.2553258156425616,0.34910812954392656,0.3630855685793023
nonlocative,family,none,dice,pronoun_anchor,41,0.0322435622982703,0.2280155959234382,0.297794801672083
nonlocative,family,none,hamming,compound_anchor,12,0.1087178404251575,0.1356245380635624,0.146886988350403
nonlocative,family,none,hamming,pronoun_anchor,41,-0.0077805077805077,0.0855327468230694,0.1076839826839827
nonlocative,family,none,idf_jaccard,compound_anchor,12,0.2112188746933792,0.26203921640504213,0.3006226547907942
nonlocative,family,none,idf_jaccard,pronoun_anchor,41,0.0002927737553981,0.1485378774461996,0.2184209722854636
nonlocative,family,none,jaccard,compound_anchor,12,0.2417619094539054,0.3314141293987613,0.3549424675696594
nonlocative,family,none,jaccard,pronoun_anchor,41,0.0257237289700114,0.2173213239895779,0.2712594044779257
nonlocative,family,phon,dice,compound_anchor,12,0.2489527655087252,0.34335885344385825,0.3569899803005937
nonlocative,family,phon,dice,pronoun_anchor,41,0.0402056248929586,0.2209990182982142,0.3067538008398551
nonlocative,family,phon,hamming,compound_anchor,12,0.1049013801396291,0.1323426479297906,0.1438288555070981
nonlocative,family,phon,hamming,pronoun_anchor,41,-0.0018495316508561,0.0883002207505518,0.1160779985283296
nonlocative,family,phon,idf_jaccard,compound_anchor,12,0.2096105177053426,0.26099591316955484,0.2996715648250343
nonlocative,family,phon,idf_jaccard,pronoun_anchor,41,0.002335356572041,0.1490986872540548,0.2139375340826909
nonlocative,family,phon,jaccard,compound_anchor,12,0.2364375289155751,0.32704139784538294,0.3501981078289963
nonlocative,family,phon,jaccard,pronoun_anchor,41,0.0320584988552338,0.2181369646537256,0.2760029327710163
nonlocative,family,sem,dice,compound_anchor,12,0.3611184826087197,0.4122074629063369,0.4371335435193468
nonlocative,family,sem,dice,pronoun_anchor,41,0.0173838575173633,0.2173324936288587,0.3303369500356615
nonlocative,family,sem,hamming,compound_anchor,12,0.132377933948831,0.1428505810481833,0.1563088512241054
nonlocative,family,sem,hamming,pronoun_anchor,41,-0.0100206138341731,0.0769774011299434,0.1092810278840896
nonlocative,family,sem,idf_jaccard,compound_anchor,12,0.286682773793007,0.32787067279991616,0.3607860166409997
nonlocative,family,sem,idf_jaccard,pronoun_anchor,41,0.0148596731627922,0.1363212579129892,0.202757225650995
nonlocative,family,sem,jaccard,compound_anchor,12,0.3449071174007741,0.3931168895012843,0.4164736897169029
nonlocative,family,sem,jaccard,pronoun_anchor,41,0.0169497447655814,0.2134877213081545,0.2853606118639702
nonlocative,family,synt,dice,compound_anchor,12,0.2193104636056867,0.3339223165083006,0.3502152639347524
nonlocative,family,synt,dice,pronoun_anchor,41,-0.0074244187885186,0.3125924288493136,0.4316312753790366
nonlocative,family,synt,hamming,compound_anchor,12,0.0955023973316655,0.11973629351678125,0.1243224932249323
nonlocative,family,synt,hamming,pronoun_anchor,41,-0.0346067221067221,0.0892266335814723,0.1191239316239316
nonlocative,family,synt,idf_jaccard,compound_anchor,12,0.1364821076006436,0.1931667274418952,0.2150263781734966
nonlocative,family,synt,idf_jaccard,pronoun_anchor,41,-0.0297437628487705,0.1641235867917669,0.2719897703989485
nonlocative,family,synt,jaccard,compound_anchor,12,0.1952774546214571,0.2982736128386708,0.3239370730204214
nonlocative,family,synt,jaccard,pronoun_anchor,41,-0.0044985704761633,0.2759355535444104,0.3673868484644346
nonlocative,item,morph,dice,compound_anchor,12,0.2340944243454708,0.3417593609317397,0.3519654226813975
nonlocative,item,morph,dice,pronoun_anchor,41,0.0858582591909149,0.1857304261950238,0.254031113135732
nonlocative,item,morph,hamming,compound_anchor,12,0.1208301153491615,0.16227359924263185,0.179725454047186
nonlocative,item,morph,hamming,pronoun_anchor,41,0.021629213483146,0.0969101123595505,0.1237827715355804
nonlocative,item,morph,idf_jaccard,compound_anchor,12,0.2731501081784721,0.3460111545227105,0.3922563906789817
nonlocative,item,morph,idf_jaccard,pronoun_anchor,41,0.0347722491300143,0.1661849195459719,0.2294785761616411
nonlocative,item,morph,jaccard,compound_anchor,12,0.2482208090655628,0.34707979245416154,0.3743622086361753
nonlocative,item,morph,jaccard,pronoun_anchor,41,0.0681771045429747,0.1924523344934255,0.2528668127447337
nonlocative,item,none,dice,compound_anchor,12,0.2973241556647007,0.3816741932544659,0.3901415981954156
nonlocative,item,none,dice,pronoun_anchor,41,0.0415518613077239,0.2345781287216164,0.3166902510361253
nonlocative,item,none,hamming,compound_anchor,12,0.1241973104500821,0.14519682091744168,0.1558729518818211
nonlocative,item,none,hamming,pronoun_anchor,41,-0.0034632034632033,0.091504329004329,0.1117424242424242
nonlocative,item,none,idf_jaccard,compound_anchor,12,0.2838901475661775,0.32336289516511657,0.357432184598066
nonlocative,item,none,idf_jaccard,pronoun_anchor,41,0.0158224319913754,0.1651445918859274,0.2075758847700936
nonlocative,item,none,jaccard,compound_anchor,12,0.3002637226358641,0.369880157005422,0.3935601400798234
nonlocative,item,none,jaccard,pronoun_anchor,41,0.0332133243527454,0.229520832722828,0.2800269236130498
nonlocative,item,phon,dice,compound_anchor,12,0.2909511055308643,0.3759249171543976,0.384046009916707
nonlocative,item,phon,dice,pronoun_anchor,41,0.0498564799036191,0.2375138145007524,0.3127867747978186
nonlocative,item,phon,hamming,compound_anchor,12,0.1206883893041217,0.1421051085887138,0.1529933481152993
nonlocative,item,phon,hamming,pronoun_anchor,41,0.0025938189845474,0.0905077262693156,0.1162803532008829
nonlocative,item,phon,idf_jaccard,compound_anchor,12,0.2823701573957562,0.3223683543754087,0.3563796705680585
nonlocative,item,phon,idf_jaccard,pronoun_anchor,41,0.0182362955483575,0.1603353756029522,0.2030439179259812
nonlocative,item,phon,jaccard,compound_anchor,12,0.2949393420975338,0.3657471178334451,0.3888157803391603
nonlocative,item,phon,jaccard,pronoun_anchor,41,0.0399197020438373,0.2259845717561037,0.2800849516469686
nonlocative,item,sem,dice,compound_anchor,12,0.3943755553399544,0.43796195216104017,0.4614753841855349
nonlocative,item,sem,dice,pronoun_anchor,41,0.0234268326493591,0.2296133694124704,0.3454233748059753
nonlocative,item,sem,hamming,compound_anchor,12,0.1441053778796647,0.1509827501973016,0.1640986132511556
nonlocative,item,sem,hamming,pronoun_anchor,41,-0.0065677966101694,0.0820621468926554,0.1129237288135593
nonlocative,item,sem,idf_jaccard,compound_anchor,12,0.3478267473995814,0.36571552131651386,0.4038374428381133
nonlocative,item,sem,idf_jaccard,pronoun_anchor,41,0.024975179657585,0.1519664013826585,0.1998153512125858
nonlocative,item,sem,jaccard,compound_anchor,12,0.3933281258509479,0.42673321851945784,0.4515919779577209
nonlocative,item,sem,jaccard,pronoun_anchor,41,0.0214342921476368,0.2150928484731433,0.3031831776117754
nonlocative,item,synt,dice,compound_anchor,12,0.2695645861083861,0.36302352283689265,0.3756326848571987
nonlocative,item,synt,dice,pronoun_anchor,41,0.0046025996501214,0.3342353003979109,0.4422131923363585
nonlocative,item,synt,hamming,compound_anchor,12,0.1095855364148046,0.126972113252601,0.1344235033259423
nonlocative,item,synt,hamming,pronoun_anchor,41,-0.0302083333333333,0.0995192307692307,0.1214743589743589
nonlocative,item,synt,idf_jaccard,compound_anchor,12,0.2266117201957825,0.2653735482636743,0.2752025874246395
nonlocative,item,synt,idf_jaccard,pronoun_anchor,41,-0.0111960824623584,0.189687927456878,0.2677381036356434
nonlocative,item,synt,jaccard,compound_anchor,12,0.2579364962288371,0.3320461735898468,0.3546907226684938
nonlocative,item,synt,jaccard,pronoun_anchor,41,0.0050035354175924,0.3060407658008978,0.3732190227105894
