"lemma","lemma_key","seed_class","revised_class","category_source","personhood_profile","anchor_recommendation","notes","anchor_bucket","prob_pronoun","prob_determinative","predicted_class","boundary_uncertainty","mean_jaccard_to_pronoun_anchors","mean_jaccard_to_determinative_anchors","distance_advantage_pronoun","nearest_pronoun_anchor","nearest_pronoun_distance","nearest_determinative_anchor","nearest_determinative_distance","mds1","mds2"
"a","a","determinative","determinative","matrix_clean_seed","not_core_pro_form","exclude","Outside the core pro-form inventory in the personhood paper.","excluded_item",0.319550129431987,0.680449870568013,"determinative",0.639100258863974,0.901063996563867,0.769298186390655,-0.131765810173212,"their_plur",0.847826086956522,"many_a",0.409090909090909,-0.272637708825064,0.0780773188738575
"a_certain","a_certain","determinative","determinative","matrix_clean_seed","not_core_pro_form","exclude","Outside the core pro-form inventory in the personhood paper.","excluded_item",0.323640773330057,0.676359226669943,"determinative",0.647281546660115,0.897377351386973,0.756384524991628,-0.140992826395345,"their_plur",0.847826086956522,"many_a",0.478260869565217,-0.281423756542748,0.0281800738732979
"a_few","a_few","determinative","determinative","matrix_clean_seed","not_core_pro_form","exclude","Outside the core pro-form inventory in the personhood paper.","excluded_item",0.307576142604549,0.692423857395451,"determinative",0.615152285209098,0.801522646066038,0.639214880935554,-0.162307765130484,"his",0.730769230769231,"several",0.333333333333333,-0.284048517870454,0.0672030895763441
"a_great_many","a_great_many","determinative","determinative","matrix_clean_seed","not_core_pro_form","exclude","Outside the core pro-form inventory in the personhood paper.","excluded_item",0.307627052653866,0.692372947346134,"determinative",0.615254105307732,0.816635212855422,0.646790365746217,-0.169844847109206,"themselves",0.755555555555556,"many",0.394736842105263,-0.301602684928132,0.0414342278201376
"a_little","a_little","determinative","determinative","matrix_clean_seed","non_personal_general","retain","","clear_determinative_anchor",0.298664876097635,0.701335123902365,"determinative",0.59732975219527,0.835806831893835,0.681039060280573,-0.154767771613262,"itself",0.727272727272727,"little",0.351351351351351,-0.291709757026097,-0.0990538580587471
"all","all","determinative","determinative","matrix_clean_seed","gender_neutral","retain","","clear_determinative_anchor",0.33024336840382,0.66975663159618,"determinative",0.66048673680764,0.752422389034681,0.653847291034216,-0.0985750980004649,"his",0.641509433962264,"any",0.395348837209302,-0.171908921331904,0.0335462573006325
"another","another","determinative","determinative","matrix_clean_seed","gender_neutral","retain","","clear_determinative_anchor",0.301255929457124,0.698744070542876,"determinative",0.602511858914249,0.807495265734121,0.661682175018767,-0.145813090715354,"oneself",0.738095238095238,"something",0.473684210526316,-0.259186610430318,-0.13473294739735
"any","any","determinative","determinative","matrix_clean_seed","gender_neutral","retain","","clear_determinative_anchor",0.320365671643531,0.679634328356469,"determinative",0.640731343287061,0.769165723280782,0.629337888825774,-0.139827834455007,"his",0.634615384615385,"some",0.365853658536585,-0.240871635856309,0.0279894120283589
"anybody","anybody","determinative","determinative","matrix_clean_seed","personal_epicene","retain","","clear_determinative_anchor",0.372373834060206,0.627626165939794,"determinative",0.744747668120412,0.756233032652842,0.697342146624018,-0.0588908860288241,"whosoever",0.58974358974359,"anyone",0.0714285714285714,-0.0988222426305506,-0.282163365495931
"anyone","anyone","determinative","determinative","matrix_clean_seed","personal_epicene","retain","","clear_determinative_anchor",0.377927189858041,0.622072810141959,"determinative",0.755854379716082,0.754318493959015,0.695851266678131,-0.058467227280883,"whosoever",0.58974358974359,"anybody",0.0714285714285714,-0.0993627978331302,-0.28717931742724
"anything","anything","determinative","determinative","matrix_clean_seed","non_personal_general","retain","","clear_determinative_anchor",0.346116290259716,0.653883709740284,"determinative",0.692232580519432,0.76998367230435,0.670233252978321,-0.099750419326029,"whose_int",0.625,"anybody",0.323529411764706,-0.163329497897324,-0.213474388746321
"anywhere","anywhere","determinative","determinative","matrix_clean_seed","non_personal_locative","retain","","clear_determinative_anchor",0.33231055863688,0.66768944136312,"determinative",0.66462111727376,0.841147420878916,0.722641301067183,-0.118506119811733,"whose_int",0.717391304347826,"somewhere",0.384615384615385,-0.217588294270456,-0.27634176832419
"both","both","determinative","determinative","matrix_clean_seed","gender_neutral","retain","","clear_determinative_anchor",0.313967262073011,0.686032737926989,"determinative",0.627934524146022,0.797271846020977,0.68029510758972,-0.116976738431257,"his",0.725490196078431,"all",0.425,-0.198678161962911,0.111003472393692
"certain","certain","determinative","determinative","matrix_clean_seed","gender_neutral","retain","","clear_determinative_anchor",0.321696969058451,0.678303030941549,"determinative",0.643393938116901,0.874147485062558,0.734437737464226,-0.139709747598332,"their_plur",0.804347826086957,"several",0.448275862068966,-0.28138044507199,0.272854625614237
"each","each","determinative","determinative","matrix_clean_seed","gender_neutral","retain","","clear_determinative_anchor",0.31181674843432,0.68818325156568,"determinative",0.62363349686864,0.826736000518899,0.680381727650042,-0.146354272868858,"one_pron",0.771428571428571,"either",0.454545454545455,-0.265824833661028,-0.0201854811911299
"either","either","determinative","determinative","matrix_clean_seed","gender_neutral","retain","","clear_determinative_anchor",0.31706192566147,0.68293807433853,"determinative",0.63412385132294,0.802765249408206,0.672676455669639,-0.130088793738566,"who_int",0.704545454545455,"neither",0.206896551724138,-0.233455363418638,-0.129717766129022
"enough","enough","determinative","determinative","matrix_clean_seed","gender_neutral","retain","","clear_determinative_anchor",0.307340886954556,0.692659113045444,"determinative",0.614681773909112,0.771389209563733,0.63620868400193,-0.135180525561803,"mine",0.615384615384615,"more",0.357142857142857,-0.229115961932578,0.13872309402048
"every","every","determinative","determinative","matrix_clean_seed","gender_neutral","retain","","clear_determinative_anchor",0.326205081282177,0.673794918717823,"determinative",0.652410162564354,0.830419997457235,0.71942088651255,-0.110999110944685,"his",0.74,"one_det",0.536585365853659,-0.236048501918311,0.139219957726148
"everybody","everybody","determinative","determinative","matrix_clean_seed","personal_epicene","retain","","clear_determinative_anchor",0.371927502535494,0.628072497464506,"determinative",0.743855005070988,0.722695487033364,0.67959615746865,-0.0430993295647139,"whosoever",0.595238095238095,"everyone",0.0625,-0.0689362542297256,-0.118674953782687
"everyone","everyone","determinative","determinative","matrix_clean_seed","personal_epicene","retain","","clear_determinative_anchor",0.377478205378653,0.622521794621347,"determinative",0.754956410757306,0.720955024892786,0.678333801480309,-0.0426212234124765,"whosoever",0.595238095238095,"everybody",0.0625,-0.0694380059885695,-0.123290334004532
"everything","everything","determinative","determinative","matrix_clean_seed","non_personal_general","retain","","clear_determinative_anchor",0.344453387835449,0.655546612164551,"determinative",0.688906775670898,0.74401842670487,0.65197283628452,-0.0920455904203509,"whosoever",0.627906976744186,"everybody",0.277777777777778,-0.151870653693283,-0.183891655936248
"everywhere","everywhere","determinative","determinative","matrix_clean_seed","non_personal_locative","retain","","clear_determinative_anchor",0.343713929755481,0.656286070244519,"determinative",0.687427859510962,0.803244425240005,0.717409110588347,-0.0858353146516585,"whose_int",0.708333333333333,"everything",0.323529411764706,-0.158993164040955,-0.22452938730433
"few","few","determinative","determinative","matrix_clean_seed","gender_neutral","retain","","clear_determinative_anchor",0.292344174054496,0.707655825945503,"determinative",0.584688348108993,0.81706668961628,0.659717458490021,-0.157349231126259,"his",0.735849056603774,"fewest",0.2,-0.27132951779413,0.154995887543966
"fewer","fewer","determinative","determinative","matrix_clean_seed","gender_neutral","retain","","clear_determinative_anchor",0.283521986849999,0.716478013150001,"determinative",0.567043973699998,0.824340707120399,0.677480116633291,-0.146860590487108,"his",0.745454545454545,"few",0.228571428571429,-0.255262333484268,0.169740306404636
"fewest","fewest","determinative","determinative","matrix_clean_seed","gender_neutral","retain","","clear_determinative_anchor",0.302621241725729,0.697378758274271,"determinative",0.605242483451458,0.850712502915811,0.697677009758711,-0.153035493157101,"its",0.8,"few",0.2,-0.287751303008753,0.15319318271423
"little","little","determinative","determinative","matrix_clean_seed","non_personal_general","retain","","clear_determinative_anchor",0.27011767701955,0.72988232298045,"determinative",0.5402353540391,0.856795017424232,0.682177468740644,-0.174617548683588,"itself",0.795918367346939,"much",0.25,-0.319944448140946,-0.00638475071001384
"less","less","determinative","determinative","reynolds2024_more_less_never_adverbs","gender_neutral_or_contextual","retain","Retained as determinative under the unified analysis of less.","clear_determinative_anchor",0.291085000458092,0.708914999541908,"determinative",0.582170000916184,0.808981399165385,0.665041562285493,-0.143939836879892,"mine",0.736842105263158,"least",0.222222222222222,-0.25757359794006,0.0735614477188525
"least","least","determinative","determinative","matrix_clean_seed","gender_neutral_or_contextual","retain","","clear_determinative_anchor",0.300652216574309,0.69934778342569,"determinative",0.601304433148619,0.832812762491663,0.674729730896761,-0.158083031594902,"whosever",0.775510204081633,"less",0.222222222222222,-0.297226959344536,0.078544342251379
"many","many","determinative","determinative","matrix_clean_seed","gender_neutral","retain","","clear_determinative_anchor",0.295133299467021,0.704866700532979,"determinative",0.590266598934041,0.800420580378708,0.660071497509938,-0.14034908286877,"his",0.714285714285714,"few",0.289473684210526,-0.251698198370875,0.145556851756664
"many_a","many_a","determinative","determinative","matrix_clean_seed","gender_neutral","retain","","clear_determinative_anchor",0.332368568303318,0.667631431696682,"determinative",0.664737136606635,0.867578116259451,0.761685427148793,-0.105892689110658,"whosever",0.780487804878049,"another",0.6,-0.248742932026342,-0.0375461922611267
"more","more","determinative","determinative","reynolds2024_more_less_never_adverbs","gender_neutral_or_contextual","retain","Retained as determinative under the unified analysis of more.","clear_determinative_anchor",0.3023190790584,0.6976809209416,"determinative",0.604638158116801,0.787680117737021,0.641125197046358,-0.146554920690663,"his",0.679245283018868,"most",0.181818181818182,-0.247311747490249,0.131083739637177
"most","most","determinative","determinative","matrix_clean_seed","gender_neutral","retain","","clear_determinative_anchor",0.315794962088306,0.684205037911694,"determinative",0.631589924176613,0.796304574677588,0.634266238765186,-0.162038335912402,"its",0.704545454545455,"more",0.181818181818182,-0.278027381530598,0.12423931300133
"much","much","determinative","determinative","matrix_clean_seed","non_personal_general","retain","","clear_determinative_anchor",0.278163244654999,0.721836755345001,"determinative",0.556326489309998,0.861778340177039,0.695659324421801,-0.166119015755238,"whose_int",0.803571428571429,"little",0.25,-0.310459329860138,0.0222776382882604
"neither","neither","determinative","determinative","matrix_clean_seed","gender_neutral","retain","","clear_determinative_anchor",0.308313054457252,0.691686945542748,"determinative",0.616626108914503,0.816973547942109,0.661218448363328,-0.155755099578781,"itself",0.761904761904762,"either",0.206896551724138,-0.273671904964279,-0.158863212278423
"last","last","determinative","determinative","matrix_clean_seed","gender_neutral","retain","","clear_determinative_anchor",0.36342754169479,0.63657245830521,"determinative",0.726855083389579,0.882427516643163,0.805931375798797,-0.0764961408443658,"my",0.80952380952381,"next",0,-0.130102314944096,0.113359677778429
"next","next","determinative","determinative","matrix_clean_seed","gender_neutral","retain","","clear_determinative_anchor",0.36342754169479,0.63657245830521,"determinative",0.726855083389579,0.882427516643163,0.805931375798797,-0.0764961408443658,"my",0.80952380952381,"last",0,-0.130102314944096,0.113359677778429
"no","no","determinative","determinative","matrix_clean_seed","gender_neutral","retain","","clear_determinative_anchor",0.311795616404354,0.688204383595646,"determinative",0.623591232808709,0.90030315393047,0.760979390466865,-0.139323763463605,"my",0.808510638297872,"zero_det",0.580645161290323,-0.299710193679911,0.211260737571427
"none","none","determinative","determinative","matrix_clean_seed","gender_neutral","retain","","clear_determinative_anchor",0.337693327153479,0.662306672846521,"determinative",0.675386654306958,0.802151361469309,0.675999297686804,-0.126152063782505,"one_pron",0.71875,"nothing",0.40625,-0.223493845563937,-0.168037458777153
"nobody","nobody","determinative","determinative","matrix_clean_seed","personal_epicene","retain","","clear_determinative_anchor",0.348986076682706,0.651013923317294,"determinative",0.697972153365412,0.75523952686946,0.662636687179578,-0.092602839689882,"one_pron",0.647058823529412,"no_one",0.103448275862069,-0.146451105498938,-0.282617943608228
"no_one","no_one","determinative","determinative","matrix_clean_seed","personal_epicene","retain","","clear_determinative_anchor",0.34804390427608,0.65195609572392,"determinative",0.69608780855216,0.758617264416067,0.668729189152266,-0.0898880752638017,"one_pron",0.61764705882353,"nobody",0.103448275862069,-0.145627375548421,-0.282818365901531
"nothing","nothing","determinative","determinative","matrix_clean_seed","non_personal_general","retain","","clear_determinative_anchor",0.31174534286131,0.68825465713869,"determinative",0.623490685722619,0.802342740992907,0.649069987192334,-0.153272753800572,"itself",0.697674418604651,"something",0.25,-0.246170976047258,-0.248898727721366
"nowhere","nowhere","determinative","determinative","matrix_clean_seed","non_personal_locative","retain","","clear_determinative_anchor",0.319211056375056,0.680788943624944,"determinative",0.638422112750112,0.854693725854188,0.721627376610534,-0.133066349243654,"itself",0.743589743589744,"somewhere",0.291666666666667,-0.233561428461866,-0.290498931510631
"one_det","one_det","determinative","determinative","matrix_clean_seed","gender_neutral","retain","","clear_determinative_anchor",0.279920847465746,0.720079152534254,"determinative",0.559841694931491,0.831487461951358,0.662189843860851,-0.169297618090507,"his",0.754385964912281,"three_det",0.325,-0.308582255108363,0.0371908104518365
"two_det","two_det","determinative","determinative","matrix_clean_seed","gender_neutral","retain","","clear_determinative_anchor",0.290617464611269,0.709382535388731,"determinative",0.581234929222538,0.799819058576922,0.629154410657395,-0.170664647919528,"his",0.709090909090909,"three_det",0.0294117647058824,-0.290203221253326,0.16620701520645
"three_det","three_det","determinative","determinative","matrix_clean_seed","gender_neutral","retain","","clear_determinative_anchor",0.296489316961312,0.703510683038688,"determinative",0.592978633922623,0.796024833972107,0.622728423531864,-0.173296410440243,"his",0.703703703703704,"two_det",0.0294117647058824,-0.291751562386299,0.168601872565429
"once","once","determinative","determinative","matrix_clean_seed","non_personal_temporal","retain","","clear_determinative_anchor",0.336346806004304,0.663653193995696,"determinative",0.672693612008608,0.827452337561174,0.705729314214378,-0.121723023346796,"his",0.755102040816326,"twice",0.285714285714286,-0.210189850792629,-0.161554660171349
"twice","twice","determinative","determinative","matrix_clean_seed","non_personal_temporal","retain","","clear_determinative_anchor",0.327143554758742,0.672856445241258,"determinative",0.654287109517484,0.833012045438355,0.714655816479929,-0.118356228958426,"yours_plur",0.769230769230769,"thrice",0.08,-0.206496632178914,-0.0799720067614817
"thrice","thrice","determinative","determinative","matrix_clean_seed","non_personal_temporal","retain","","clear_determinative_anchor",0.335945132611093,0.664054867388907,"determinative",0.671890265222186,0.828297384050788,0.714501671591115,-0.113795712459673,"theirs_plur",0.75,"twice",0.08,-0.196429304473428,-0.0713972789784905
"several","several","determinative","determinative","matrix_clean_seed","gender_neutral","retain","","clear_determinative_anchor",0.313856641155987,0.686143358844013,"determinative",0.627713282311975,0.802074745803224,0.637423714359026,-0.164651031444198,"us_pron",0.727272727272727,"various_det",0.259259259259259,-0.272763049657021,0.119172520123012
"some","some","determinative","determinative","matrix_clean_seed","gender_neutral","retain","","clear_determinative_anchor",0.320496840900475,0.679503159099525,"determinative",0.64099368180095,0.74698215510715,0.59317429561708,-0.153807859490071,"its",0.6,"enough",0.357142857142857,-0.255850033201739,0.0636279319446778
"somebody","somebody","determinative","determinative","matrix_clean_seed","personal_epicene","retain","","clear_determinative_anchor",0.353084764551764,0.646915235448236,"determinative",0.706169529103528,0.759620189916567,0.666876604124375,-0.092743585792192,"one_pron",0.625,"someone",0.0769230769230769,-0.143593831256909,-0.288220084099088
"someone","someone","determinative","determinative","matrix_clean_seed","personal_epicene","retain","","clear_determinative_anchor",0.358514776170555,0.641485223829445,"determinative",0.717029552341111,0.757529071315255,0.665317961616861,-0.0922111096983935,"one_pron",0.580645161290323,"somebody",0.0769230769230769,-0.144159197623677,-0.293463877271334
"something","something","determinative","determinative","matrix_clean_seed","non_personal_general","retain","","clear_determinative_anchor",0.328778014553069,0.671221985446931,"determinative",0.657556029106138,0.784359714711454,0.64932491977739,-0.135034794934064,"itself",0.65,"nothing",0.25,-0.21357683169714,-0.269525094736125
"somewhere","somewhere","determinative","determinative","matrix_clean_seed","non_personal_locative","retain","","clear_determinative_anchor",0.324994775484133,0.675005224515867,"determinative",0.649989550968265,0.86054174098173,0.725316137426558,-0.135225603555171,"itself",0.722222222222222,"nowhere",0.291666666666667,-0.23939602072937,-0.300775544836897
"somewhat","somewhat","determinative","determinative","matrix_clean_seed","gender_neutral","retain","","clear_determinative_anchor",0.338642670688574,0.661357329311426,"determinative",0.677285341377149,0.851096458103536,0.722337605634982,-0.128758852468554,"oneself",0.78125,"somebody",0.551724137931034,-0.242991847561577,-0.117033098922519
"such","such","determinative","determinative","matrix_clean_seed","gender_neutral","retain","","clear_determinative_anchor",0.35000103288264,0.64999896711736,"determinative",0.70000206576528,0.857529921650764,0.739119887794969,-0.118410033855795,"their_plur",0.731707317073171,"the",0.45,-0.225660297550856,0.264793758750113
"sufficient","sufficient","determinative","determinative","matrix_clean_seed","gender_neutral","retain","","clear_determinative_anchor",0.323186693887515,0.676813306112485,"determinative",0.646373387775029,0.853449377332121,0.71635189178188,-0.137097485550241,"his",0.765957446808511,"several",0.483870967741935,-0.263893519207926,0.11038936357997
"that","that","determinative","determinative","matrix_clean_seed","gender_neutral","retain","Generally gender-neutral with a non-personal default in fused-head use.","clear_determinative_anchor",0.390069311931641,0.609930688068359,"determinative",0.780138623863282,0.730875817082437,0.702409728341892,-0.0284660887405448,"mine",0.617021276595745,"this",0.0666666666666667,-0.0220129738868407,0.0824156055212762
"these","these","determinative","determinative","matrix_clean_seed","gender_neutral","retain","Generally gender-neutral with a non-personal default in fused-head use.","clear_determinative_anchor",0.41448255200762,0.58551744799238,"determinative",0.828965104015241,0.699212050227047,0.697288743824638,-0.00192330640240879,"mine",0.545454545454545,"those",0.0357142857142857,0.015778756438825,0.207794599299303
"this","this","determinative","determinative","matrix_clean_seed","gender_neutral","retain","Generally gender-neutral with a non-personal default in fused-head use.","clear_determinative_anchor",0.396200962302862,0.603799037697138,"determinative",0.792401924605724,0.723876398422405,0.703901253531571,-0.0199751448908337,"mine",0.58695652173913,"that",0.0666666666666667,-0.0128561379823659,0.0701759107046126
"those","those","determinative","determinative","matrix_clean_seed","gender_neutral","retain","Generally gender-neutral with a non-personal default in fused-head use.","clear_determinative_anchor",0.414762992672523,0.585237007327477,"determinative",0.829525985345047,0.70306918176503,0.701754486333694,-0.00131469543133567,"them_plur",0.538461538461538,"these",0.0357142857142857,0.0204678854421259,0.202712953315714
"the","the","determinative","determinative","matrix_clean_seed","gender_neutral","retain","","clear_determinative_anchor",0.377190212609863,0.622809787390137,"determinative",0.754380425219725,0.850719055805643,0.787959264428743,-0.0627597913769007,"their_plur",0.692307692307692,"such",0.45,-0.114144355865182,0.306454535008294
"us_det","us_det","determinative","determinative","matrix_clean_seed","personal_epicene","retain","Treated as determinative throughout; retained as a clear anchor.","clear_determinative_anchor",0.46945289382758,0.53054710617242,"determinative",0.938905787655159,0.706563180708291,0.799603770541868,0.0930405898335771,"us_pron",0.485714285714286,"we_det",0.16,0.158511629622868,0.318177503775928
"we_det","we_det","determinative","determinative","matrix_clean_seed","personal_epicene","retain","Treated as determinative throughout; retained as a clear anchor.","clear_determinative_anchor",0.463002834998518,0.536997165001482,"determinative",0.926005669997037,0.709858521939824,0.797268530199888,0.0874100082600641,"we_pron",0.484848484848485,"us_det",0.16,0.147849522080283,0.32487602949266
"you_det","you_det","determinative","determinative","matrix_clean_seed","personal_epicene","retain","Treated as determinative throughout; retained as a clear anchor.","clear_determinative_anchor",0.427890059432305,0.572109940567695,"determinative",0.855780118864611,0.738778664706875,0.757685799212293,0.0189071345054178,"you_pron_plur",0.55,"us_det",0.259259259259259,0.0417635498962127,0.327039290059565
"what_det","what_det","determinative","determinative","matrix_clean_seed","non_personal_if_pro_form__neutral_with_overt_head","retain","Treated as determinative throughout, including exclamative what a N; retained as a clear anchor.","clear_determinative_anchor",0.339066730850475,0.660933269149525,"determinative",0.678133461700951,0.867977034492535,0.76784405713178,-0.100132977360755,"my",0.75,"whatever_det",0.448275862068966,-0.215437465267429,0.248119008150088
"whatever_det","whatever_det","determinative","determinative","matrix_clean_seed","non_personal_if_pro_form__neutral_with_overt_head","retain","Treated as determinative throughout; retained as a clear anchor.","clear_determinative_anchor",0.332129952790826,0.667870047209174,"determinative",0.664259905581652,0.888432853681965,0.78878317029945,-0.099649683382514,"whosever",0.714285714285714,"whichever_rel_det",0.407407407407407,-0.231424834752988,0.0775806652845109
"which_rel_det","which_rel_det","determinative","determinative","matrix_clean_seed","non_personal_if_pro_form__neutral_with_overt_head","retain","Treated as determinative throughout; retained as a clear anchor.","clear_determinative_anchor",0.37560390176497,0.62439609823503,"determinative",0.751207803529939,0.851709248748644,0.793915446878944,-0.0577938018697007,"who_rel",0.75,"whichever_rel_det",0.333333333333333,-0.127006522969727,0.177874666921135
"which_int_det","which_int_det","determinative","determinative","matrix_clean_seed","non_personal_if_pro_form__neutral_with_overt_head","retain","Treated as determinative throughout; retained as a clear anchor.","clear_determinative_anchor",0.355038651852062,0.644961348147938,"determinative",0.710077303704123,0.781871768515482,0.686101905081021,-0.0957698634344615,"whosever",0.636363636363636,"whichever_int_det",0.193548387096774,-0.187437478829623,0.0246071933469428
"whichever_rel_det","whichever_rel_det","determinative","determinative","matrix_clean_seed","non_personal_if_pro_form__neutral_with_overt_head","retain","Treated as determinative throughout; retained as a clear anchor.","clear_determinative_anchor",0.354861302269708,0.645138697730292,"determinative",0.709722604539416,0.866384580594292,0.794501092526992,-0.0718834880673002,"whosever",0.707317073170732,"which_rel_det",0.333333333333333,-0.164301380741676,0.0525887080676634
"whichever_int_det","whichever_int_det","determinative","determinative","matrix_clean_seed","non_personal_if_pro_form__neutral_with_overt_head","retain","Treated as determinative throughout; retained as a clear anchor.","clear_determinative_anchor",0.337913676711128,0.662086323288872,"determinative",0.675827353422256,0.814386985648929,0.710442225596178,-0.103944760052752,"whosever",0.571428571428571,"which_int_det",0.193548387096774,-0.216613584042237,-0.0442702730986655
"zero_det","zero_det","determinative","determinative","matrix_clean_seed","gender_neutral","retain","","clear_determinative_anchor",0.31071896476339,0.68928103523661,"determinative",0.62143792952678,0.838420556019257,0.667542610743491,-0.170877945275767,"one_pron",0.742857142857143,"three_det",0.388888888888889,-0.311287468843461,0.0624786953104086
"various_det","various_det","determinative","determinative","matrix_clean_seed","gender_neutral","retain","","clear_determinative_anchor",0.321130384439295,0.678869615560705,"determinative",0.642260768878591,0.834334922274168,0.657813914793612,-0.176521007480556,"his",0.765957446808511,"several",0.259259259259259,-0.312298324015595,0.176688170607916
"each_other","each_other","pronoun","pronoun","matrix_clean_seed","gender_neutral","exclude","Reciprocal boundary items; exclude from clear pronoun anchors.","excluded_item",0.438012676907933,0.561987323092067,"determinative",0.876025353815866,0.71442650308433,0.76538889780885,0.0509623947245204,"themselves",0.567567567567568,"everything",0.578947368421053,0.0631086537530366,-0.206750617842158
"one_another","one_another","pronoun","pronoun","matrix_clean_seed","gender_neutral","exclude","Reciprocal boundary items; exclude from clear pronoun anchors.","excluded_item",0.429229091439137,0.570770908560863,"determinative",0.858458182878274,0.719371186753207,0.766422522331063,0.0470513355778561,"themselves",0.578947368421053,"everyone",0.58974358974359,0.0527998487746156,-0.212015320665941
"he","he","pronoun","pronoun","matrix_clean_seed","personal_masculine","retain","","clear_pronoun_anchor",0.558001656119438,0.441998343880562,"pronoun",0.883996687761123,0.597275391221422,0.834597970380985,0.237322579159563,"she",0.130434782608696,"we_det",0.705882352941176,0.333131262700089,-0.0635547563991409
"him","him","pronoun","pronoun","matrix_clean_seed","personal_masculine","retain","","clear_pronoun_anchor",0.586539038217955,0.413460961782045,"pronoun",0.82692192356409,0.576837994477179,0.819531090744544,0.242693096267365,"her_acc",0.225806451612903,"that",0.666666666666667,0.348843911675583,-0.00816378368695689
"himself","himself","pronoun","pronoun","matrix_clean_seed","personal_masculine","retain","","clear_pronoun_anchor",0.590265349126813,0.409734650873187,"pronoun",0.819469301746373,0.589506740286789,0.824251909681227,0.234745169394438,"herself",0.161290322580645,"somebody",0.707317073170732,0.317017453747106,-0.24277370667242
"his","his","pronoun","pronoun","matrix_clean_seed","personal_masculine","retain","","clear_pronoun_anchor",0.575516341954255,0.424483658045745,"pronoun",0.848967316091491,0.520375705625499,0.742460954799863,0.222085249174365,"mine",0.175,"these",0.555555555555556,0.266783224143646,0.171113717819088
"she","she","pronoun","pronoun","matrix_clean_seed","personal_feminine","retain","","clear_pronoun_anchor",0.569917735961227,0.430082264038773,"pronoun",0.860164528077546,0.584194209094403,0.838641168022429,0.254446958928026,"he",0.130434782608696,"we_det",0.714285714285714,0.353932152639484,-0.0511077259216578
"her_acc","her_acc","pronoun","pronoun","matrix_clean_seed","personal_feminine","retain","","clear_pronoun_anchor",0.588935294061491,0.411064705938509,"pronoun",0.822129411877018,0.547640332620744,0.803481894329746,0.255841561709002,"him",0.225806451612903,"that",0.642857142857143,0.355113425877953,-0.000707141315199245
"her_dep","her_dep","pronoun","pronoun","matrix_clean_seed","personal_feminine","retain","","clear_pronoun_anchor",0.581243213638044,0.418756786361956,"pronoun",0.837513572723912,0.619972178746349,0.805410852290719,0.18543867354437,"my",0.125,"us_det",0.644444444444444,0.213201624633515,0.329912096258672
"hers","hers","pronoun","pronoun","matrix_clean_seed","personal_feminine","retain","","clear_pronoun_anchor",0.601719215523171,0.398280784476829,"pronoun",0.796561568953658,0.52139815018238,0.774644795345361,0.253246645162981,"mine",0.105263157894737,"these",0.608695652173913,0.313964232037809,0.0890648239207375
"herself","herself","pronoun","pronoun","matrix_clean_seed","personal_feminine","retain","","clear_pronoun_anchor",0.601969686709664,0.398030313290336,"pronoun",0.796060626580672,0.576832219290699,0.828017452363495,0.251185233072796,"myself",0.129032258064516,"somebody",0.714285714285714,0.336853613859602,-0.225673425315673
"it_plain","it_plain","pronoun","pronoun","matrix_clean_seed","non_personal_general","retain","","clear_pronoun_anchor",0.531890290928265,0.468109709071735,"pronoun",0.93621941814347,0.637307808789996,0.822018377975105,0.184710569185109,"he",0.32,"that",0.648648648648649,0.277073129792749,-0.0712592860028134
"it_dum","it_dum","pronoun","pronoun","matrix_clean_seed","dummy_outside_system","exclude","Dummy pronoun outside the personhood system.","excluded_item",0.45003804365018,0.54996195634982,"determinative",0.90007608730036,0.787300268322034,0.829408861144298,0.0421085928222642,"it_plain",0.615384615384615,"those",0.727272727272727,0.0614244046597086,-0.0199509681113276
"its","its","pronoun","pronoun","matrix_clean_seed","non_personal_general","retain","","clear_pronoun_anchor",0.542203498109245,0.457796501890755,"pronoun",0.91559300378151,0.615842187387803,0.776709926700197,0.160867739312393,"his",0.404761904761905,"these",0.585365853658537,0.20688206203808,0.10186857601347
"itself","itself","pronoun","pronoun","matrix_clean_seed","non_personal_general","retain","","clear_pronoun_anchor",0.553238408473075,0.446761591526925,"pronoun",0.893523183053849,0.639777459235342,0.809869745527843,0.1700922862925,"himself",0.28125,"something",0.65,0.23336447536248,-0.284141685892339
"I","i","pronoun","pronoun","matrix_clean_seed","personal_epicene","retain","","clear_pronoun_anchor",0.563007435974193,0.436992564025807,"pronoun",0.873985128051615,0.591300535807956,0.847411543792776,0.25611100798482,"she",0.130434782608696,"we_det",0.666666666666667,0.37211151422135,-0.0379563759664746
"me","me","pronoun","pronoun","matrix_clean_seed","personal_epicene","retain","","clear_pronoun_anchor",0.570068004668226,0.429931995331774,"pronoun",0.859863990663547,0.578008025286142,0.826789623493051,0.248781598206909,"her_acc",0.225806451612903,"us_det",0.648648648648649,0.367628489249844,0.0158668162567245
"mine","mine","pronoun","pronoun","matrix_clean_seed","personal_epicene","retain","","clear_pronoun_anchor",0.585853761878675,0.414146238121325,"pronoun",0.828292476242649,0.49772024228779,0.756584387462364,0.258864145174574,"ours",0.102564102564103,"these",0.545454545454545,0.31903990807297,0.125454093958212
"my","my","pronoun","pronoun","matrix_clean_seed","personal_epicene","retain","","clear_pronoun_anchor",0.574419797652217,0.425580202347783,"pronoun",0.851160404695567,0.624688074407874,0.811638670153263,0.186950595745389,"our",0.0769230769230769,"us_det",0.604651162790698,0.222124083283171,0.343236583618391
"myself","myself","pronoun","pronoun","matrix_clean_seed","personal_epicene","retain","","clear_pronoun_anchor",0.595082925246894,0.404917074753106,"pronoun",0.809834149506212,0.569894837959576,0.823006497582711,0.253111659623135,"herself",0.129032258064516,"somebody",0.714285714285714,0.343329883307706,-0.216218621284451
"one_pron","one_pron","pronoun","pronoun","matrix_clean_seed","personal_epicene","retain","","clear_pronoun_anchor",0.470242875026891,0.529757124973109,"determinative",0.940485750053782,0.707760943220057,0.794365028999615,0.0866040857795581,"you_pron_sing",0.529411764705882,"someone",0.580645161290323,0.127175606571205,-0.155928416436909
"one_s","one_s","pronoun","pronoun","matrix_clean_seed","personal_epicene","retain","","clear_pronoun_anchor",0.53486125762143,0.46513874237857,"pronoun",0.93027748475714,0.631058243522896,0.778336666379113,0.147278422856217,"its",0.421052631578947,"some",0.630434782608696,0.161679661013504,0.0928648728787966
"oneself","oneself","pronoun","pronoun","matrix_clean_seed","personal_epicene","retain","","clear_pronoun_anchor",0.517378452156568,0.482621547843432,"pronoun",0.965243095686864,0.698064484701557,0.825733418411598,0.127668933710042,"himself",0.4375,"someone",0.61764705882353,0.17402495866984,-0.298016401809083
"their_sing","their_sing","pronoun","pronoun","matrix_clean_seed","personal_epicene","retain","","clear_pronoun_anchor",0.579721625301102,0.420278374698898,"pronoun",0.840556749397796,0.612985603290562,0.804404820869952,0.19141921757939,"their_plur",0.0526315789473685,"us_det",0.644444444444444,0.224505774013791,0.322001269999389
"theirs_sing","theirs_sing","pronoun","pronoun","matrix_clean_seed","personal_epicene","retain","","clear_pronoun_anchor",0.608714496553107,0.391285503446893,"pronoun",0.782571006893786,0.525815410401166,0.776335702820247,0.250520292419081,"theirs_plur",0.0526315789473685,"these",0.565217391304348,0.314049659653015,0.0917168806332825
"their_plur","their_plur","pronoun","pronoun","matrix_clean_seed","gender_neutral","retain","","clear_pronoun_anchor",0.562365434769403,0.437634565230597,"pronoun",0.875269130461194,0.636005377887559,0.804518773005455,0.168513395117895,"their_sing",0.0526315789473685,"these",0.638297872340426,0.192324062370215,0.33926149866812
"theirs_plur","theirs_plur","pronoun","pronoun","matrix_clean_seed","gender_neutral","retain","","clear_pronoun_anchor",0.591712373506544,0.408287626493456,"pronoun",0.816575252986911,0.548845219798036,0.775781769373798,0.226936549575763,"theirs_sing",0.0526315789473685,"these",0.545454545454545,0.285117543654934,0.100430229546694
"them_sing","them_sing","pronoun","pronoun","matrix_clean_seed","personal_epicene","retain","","clear_pronoun_anchor",0.596657642994407,0.403342357005593,"pronoun",0.806684714011187,0.558765801892864,0.81974310864452,0.260977306751656,"them_plur",0.212121212121212,"that",0.619047619047619,0.373035877558249,0.00288740746259687
"them_plur","them_plur","pronoun","pronoun","matrix_clean_seed","gender_neutral","retain","","clear_pronoun_anchor",0.593099324485511,0.406900675514489,"pronoun",0.813801351028979,0.579544547062195,0.810839900181496,0.231295353119301,"them_sing",0.212121212121212,"those",0.538461538461538,0.327867183553855,0.106211130570798
"themself","themself","pronoun","pronoun","matrix_clean_seed","personal_epicene","retain","","clear_pronoun_anchor",0.590251615371294,0.409748384628706,"pronoun",0.819496769257412,0.588819357609716,0.825218881734222,0.236399524124506,"themselves",0.15625,"that",0.711111111111111,0.321111119781357,-0.225470007302735
"themselves","themselves","pronoun","pronoun","matrix_clean_seed","gender_neutral","retain","","clear_pronoun_anchor",0.587548998221823,0.412451001778177,"pronoun",0.824902003556354,0.58654841257703,0.813346657233105,0.226798244656075,"themself",0.15625,"those",0.642857142857143,0.301741520212757,-0.123400053297411
"they_sing","they_sing","pronoun","pronoun","matrix_clean_seed","personal_epicene","retain","","clear_pronoun_anchor",0.577537868051515,0.422462131948485,"pronoun",0.84492426389697,0.589766437460426,0.838486564928558,0.248720127468131,"they_plur",0.222222222222222,"that",0.707317073170732,0.354414100872271,-0.0472291657545752
"they_plur","they_plur","pronoun","pronoun","matrix_clean_seed","gender_neutral","retain","","clear_pronoun_anchor",0.564531167079583,0.435468832920417,"pronoun",0.870937665840835,0.604692056189911,0.824971088781363,0.220279032591452,"they_sing",0.222222222222222,"those",0.621621621621622,0.308716384572097,0.0665582908606644
"we_pron","we_pron","pronoun","pronoun","matrix_clean_seed","personal_epicene","retain","","clear_pronoun_anchor",0.567380315334028,0.432619684665972,"pronoun",0.865239369331944,0.574068168748528,0.812674390917504,0.238606222168976,"I",0.285714285714286,"we_det",0.484848484848485,0.338864750120384,0.0836643393477644
"us_pron","us_pron","pronoun","pronoun","matrix_clean_seed","personal_epicene","retain","","clear_pronoun_anchor",0.574518314908243,0.425481685091757,"pronoun",0.850963370183514,0.558165212330318,0.794410471912327,0.236245259582009,"you_pron_plur",0.27027027027027,"us_det",0.485714285714286,0.343016772767741,0.106779928222589
"our","our","pronoun","pronoun","matrix_clean_seed","personal_epicene","retain","","clear_pronoun_anchor",0.581230997904826,0.418769002095174,"pronoun",0.837538004190348,0.616219584354887,0.811343973146065,0.195124388791178,"my",0.0769230769230769,"us_det",0.581395348837209,0.233838850576131,0.334776208735969
"ours","ours","pronoun","pronoun","matrix_clean_seed","personal_epicene","retain","","clear_pronoun_anchor",0.609832950484614,0.390167049515386,"pronoun",0.780334099030772,0.516351416397868,0.774291517437092,0.257940101039224,"mine",0.102564102564103,"these",0.595744680851064,0.327008197558971,0.0919997560075803
"ourselves","ourselves","pronoun","pronoun","matrix_clean_seed","personal_epicene","retain","","clear_pronoun_anchor",0.607139583360525,0.392860416639475,"pronoun",0.78572083327895,0.579396092724432,0.8270207156757,0.247624622951268,"myself",0.181818181818182,"us_det",0.714285714285714,0.343746908258088,-0.168381502681035
"what_pron","what_pron","pronoun","determinative","user_instruction_wh_never_pronouns","non_personal_if_pro_form__neutral_with_overt_head","exclude","Seed row encoded pronoun use, but the lexical item is treated as determinative throughout. Keep this compatibility row out of clear anchors to avoid double counting.","excluded_item",0.415760328637613,0.584239671362387,"determinative",0.831520657275226,0.73893142433628,0.73807690330228,-0.0008545210340003,"who_int",0.48780487804878,"everything",0.6,-0.0470820328050304,-0.0978252029965814
"whatever_pron","whatever_pron","pronoun","pronoun","matrix_clean_seed","non_personal_general","review","","review_item",0.386834076887435,0.613165923112565,"determinative",0.773668153774869,0.766725918171613,0.740732259206917,-0.0259936589646961,"whoever",0.525,"everything",0.571428571428571,-0.0902588770091251,-0.141810928156808
"which_rel_pron","which_rel_pron","pronoun","determinative","user_instruction_which_is_determinative","non_personal_if_pro_form__neutral_with_overt_head","exclude","Seed row encoded pronoun use, but the lexical item is treated as determinative throughout. Keep this compatibility row out of clear anchors to avoid double counting.","excluded_item",0.395664112806308,0.604335887193692,"determinative",0.791328225612616,0.779163219385391,0.762894743318421,-0.0162684760669703,"whose_rel",0.5,"which_rel_det",0.555555555555556,-0.0705598103166106,0.10783570293522
"who_int","who_int","pronoun","pronoun","matrix_clean_seed","personal_epicene","retain","","clear_pronoun_anchor",0.53750064966755,0.46249935033245,"pronoun",0.924998700664899,0.639903954377224,0.775898563195382,0.135994608818158,"whom_int",0.181818181818182,"anybody",0.642857142857143,0.136317345449711,-0.0903756903328469
"who_rel","who_rel","pronoun","pronoun","matrix_clean_seed","personal_epicene","retain","","clear_pronoun_anchor",0.519705205447922,0.480294794552078,"pronoun",0.960589589104156,0.659809004306818,0.817982516042305,0.158173511735486,"whom_rel",0.217391304347826,"we_det",0.625,0.187590272052302,0.0530609305000122
"whom_int","whom_int","pronoun","pronoun","matrix_clean_seed","personal_epicene","retain","","clear_pronoun_anchor",0.556161089154199,0.443838910845801,"pronoun",0.887677821691602,0.645501673175268,0.799883225347498,0.154381552172231,"who_int",0.181818181818182,"everybody",0.673913043478261,0.173954756317618,-0.102778367200453
"whom_rel","whom_rel","pronoun","pronoun","matrix_clean_seed","personal_epicene","retain","","clear_pronoun_anchor",0.538676097760874,0.461323902239126,"pronoun",0.922647804478251,0.69329332938887,0.857925037108116,0.164631707719246,"who_rel",0.217391304347826,"us_det",0.696969696969697,0.20982061273241,0.00675427350425342
"whose_int","whose_int","pronoun","pronoun","matrix_clean_seed","personal_epicene","retain","","clear_pronoun_anchor",0.544399698176052,0.455600301823948,"pronoun",0.911200603647896,0.623788891996485,0.759766167655799,0.135977275659314,"whoever_s",0.317073170731707,"anybody",0.6,0.122549234557909,-0.0193049188784348
"whose_rel","whose_rel","pronoun","pronoun","matrix_clean_seed","gender_neutral","retain","","clear_pronoun_anchor",0.522005386745154,0.477994613254846,"pronoun",0.955989226509692,0.701140938099131,0.828786093973933,0.127645155874802,"who_rel",0.346153846153846,"some",0.72093023255814,0.126089567931363,0.0716698332150653
"whoever","whoever","pronoun","pronoun","matrix_clean_seed","personal_epicene","retain","","clear_pronoun_anchor",0.537430995848443,0.462569004151557,"pronoun",0.925138008303114,0.662472826988767,0.801598849426225,0.139126022437458,"whosoever",0.129032258064516,"anybody",0.609756097560976,0.143793018980022,-0.161665970657781
"whoever_s","whoever_s","pronoun","pronoun","matrix_clean_seed","personal_epicene","retain","","clear_pronoun_anchor",0.544802201594835,0.455197798405165,"pronoun",0.91039559681033,0.645770777639639,0.788691628000479,0.142920850360839,"whosoever_s",0.0588235294117647,"whichever_int_det",0.581395348837209,0.120391357158928,-0.0408044295144389
"whosever","whosever","pronoun","pronoun","matrix_clean_seed","personal_epicene","retain","","clear_pronoun_anchor",0.534837498535166,0.465162501464834,"pronoun",0.930325002929668,0.639080581187298,0.784211810027672,0.145131228840374,"whoever_s",0.0882352941176471,"whichever_int_det",0.571428571428571,0.125150676756986,-0.0526572507712616
"whosoever","whosoever","pronoun","pronoun","matrix_clean_seed","personal_epicene","retain","","clear_pronoun_anchor",0.516770995991464,0.483229004008536,"pronoun",0.966458008017073,0.655803584715531,0.792571920442894,0.136768335727363,"whoever",0.129032258064516,"anybody",0.58974358974359,0.14048705784459,-0.165434113653969
"whosoever_s","whosoever_s","pronoun","pronoun","matrix_clean_seed","personal_epicene","retain","","clear_pronoun_anchor",0.545026870288021,0.454973129711979,"pronoun",0.909946259423958,0.645702763817901,0.788691628000479,0.142988864182577,"whoever_s",0.0588235294117647,"whichever_int_det",0.581395348837209,0.120372687996665,-0.0407898400742543
"you_pron_sing","you_pron_sing","pronoun","pronoun","matrix_clean_seed","personal_epicene","retain","","clear_pronoun_anchor",0.580418490215747,0.419581509784253,"pronoun",0.839163019568507,0.574575371865116,0.80226928231657,0.227693910451454,"you_pron_plur",0.142857142857143,"you_det",0.625,0.331236055358569,-0.0286522048268215
"you_pron_plur","you_pron_plur","pronoun","pronoun","matrix_clean_seed","personal_epicene","retain","","clear_pronoun_anchor",0.594015316445001,0.405984683554999,"pronoun",0.811969367109999,0.569857834219932,0.794193469278864,0.224335635058932,"you_pron_sing",0.142857142857143,"you_det",0.55,0.318771897625935,0.0643615695811261
"your_sing","your_sing","pronoun","pronoun","matrix_clean_seed","personal_epicene","retain","","clear_pronoun_anchor",0.581022008412395,0.418977991587605,"pronoun",0.83795598317521,0.633313361771045,0.815030231265753,0.181716869494707,"your_plur",0,"you_det",0.577777777777778,0.222312173215586,0.330596142933373
"yours_sing","yours_sing","pronoun","pronoun","matrix_clean_seed","personal_epicene","retain","","clear_pronoun_anchor",0.611607392899675,0.388392607100325,"pronoun",0.77678521420065,0.531525085417409,0.777371082154093,0.245845996736684,"yours_plur",0.025,"these",0.574468085106383,0.316151259349766,0.0987709241640705
"your_plur","your_plur","pronoun","pronoun","matrix_clean_seed","personal_epicene","retain","","clear_pronoun_anchor",0.581022008412395,0.418977991587605,"pronoun",0.83795598317521,0.633313361771045,0.815030231265753,0.181716869494707,"your_sing",0,"you_det",0.577777777777778,0.222312173215586,0.330596142933374
"yours_plur","yours_plur","pronoun","pronoun","matrix_clean_seed","personal_epicene","retain","","clear_pronoun_anchor",0.609296975041322,0.390703024958678,"pronoun",0.781406049917356,0.528933146222165,0.767947257284162,0.239014111061996,"yours_sing",0.025,"these",0.583333333333333,0.302741278753452,0.0682307019116012
"yourself","yourself","pronoun","pronoun","matrix_clean_seed","personal_epicene","retain","","clear_pronoun_anchor",0.603621619004448,0.396378380995552,"pronoun",0.792756761991104,0.578174291627073,0.824884103254869,0.246709811627796,"yourselves",0.117647058823529,"somebody",0.697674418604651,0.342252829296834,-0.205661555093594
"yourselves","yourselves","pronoun","pronoun","matrix_clean_seed","personal_epicene","retain","","clear_pronoun_anchor",0.607863307591454,0.392136692408546,"pronoun",0.784273384817092,0.568101872773093,0.813028258360726,0.244926385587633,"yourself",0.117647058823529,"those",0.666666666666667,0.333664484697962,-0.108747817849199
"today","today","pronoun","noun","user_instruction_temporal_items_are_nouns","temporal_noun_outside_system","exclude","Temporal noun; exclude from the pronoun/determinative inventory.","excluded_item",0.439038182889371,0.560961817110629,"determinative",0.878076365778742,0.708278336037127,0.776166195773195,0.0678878597360683,"itself",0.515151515151515,"something",0.638888888888889,0.113846916905923,-0.280436259692821
"tomorrow","tomorrow","pronoun","noun","user_instruction_temporal_items_are_nouns","temporal_noun_outside_system","exclude","Temporal noun; exclude from the pronoun/determinative inventory.","excluded_item",0.421880450003787,0.578119549996213,"determinative",0.843760900007574,0.717601463370148,0.758738915400092,0.0411374520299442,"itself",0.555555555555556,"something",0.631578947368421,0.0668373306680842,-0.24344998629478
"tonight","tonight","pronoun","noun","user_instruction_temporal_items_are_nouns","temporal_noun_outside_system","exclude","Temporal noun; exclude from the pronoun/determinative inventory.","excluded_item",0.439038182889371,0.560961817110629,"determinative",0.878076365778742,0.700592740064878,0.770185300418055,0.0695925603531763,"itself",0.5,"something",0.628571428571429,0.115878636237017,-0.284889531474772
"yesterday","yesterday","pronoun","noun","user_instruction_temporal_items_are_nouns","temporal_noun_outside_system","exclude","Temporal noun; exclude from the pronoun/determinative inventory.","excluded_item",0.421880450003787,0.578119549996213,"determinative",0.843760900007574,0.717601463370148,0.758738915400092,0.0411374520299442,"itself",0.555555555555556,"something",0.631578947368421,0.0666328365750023,-0.242530688457373
"there","there","pronoun","preposition","user_instruction_there_is_preposition_except_existential_and_tag_pronoun","preposition_outside_system","exclude","Seed row conflates existential/tag pronoun uses with the broader preposition use; exclude from the pronoun/determinative inventory until context-sensitive splitting is added.","excluded_item",0.400439142788364,0.599560857211636,"determinative",0.800878285576728,0.968049831132969,0.928219991723704,-0.0398298394092654,"one_pron",0.869565217391304,"last",0.75,-0.0947804067561979,0.0951105621095338
