"lemma","w","mean_log_loss"
"each_other",0,0.414535660032205
"each_other",0.001,0.413372145224246
"each_other",0.002,0.412309657600441
"each_other",0.003,0.411328387337043
"each_other",0.004,0.410414015586544
"each_other",0.005,0.40955584390695
"each_other",0.006,0.408745659124535
"each_other",0.007,0.407977011701363
"each_other",0.008,0.407244738979506
"each_other",0.009,0.406544639831297
"each_other",0.01,0.405873246398991
"each_other",0.011,0.40522766006963
"each_other",0.012,0.404605431116149
"each_other",0.013,0.404004468735524
"each_other",0.014,0.403422972695631
"each_other",0.015,0.402859380633038
"each_other",0.016,0.402312326878023
"each_other",0.017,0.401780609898766
"each_other",0.018,0.40126316627913
"each_other",0.019,0.400759049711224
"each_other",0.02,0.40026741388116
"each_other",0.021,0.399787498409083
"each_other",0.022,0.399318617208569
"each_other",0.023,0.39886014877968
"each_other",0.024,0.398411528060289
"each_other",0.025,0.397972239542911
"each_other",0.026,0.397541811426671
"each_other",0.027,0.397119810621679
"each_other",0.028,0.396705838459787
"each_other",0.029,0.396299526994175
"each_other",0.03,0.39590053579251
"each_other",0.031,0.395508549146008
"each_other",0.032,0.395123273630707
"each_other",0.033,0.394744435968363
"each_other",0.034,0.394371781143433
"each_other",0.035,0.394005070739781
"each_other",0.036,0.393644081466732
"each_other",0.037,0.393288603848857
"each_other",0.038,0.392938441057895
"each_other",0.039,0.392593407868467
"each_other",0.04,0.392253329721962
"each_other",0.041,0.391918041885255
"each_other",0.042,0.391587388692801
"each_other",0.043,0.391261222862242
"each_other",0.044,0.39093940487502
"each_other",0.045,0.390621802414616
"each_other",0.046,0.390308289856007
"each_other",0.047,0.389998747800749
"each_other",0.048,0.389693062652818
"each_other",0.049,0.389391126230908
"each_other",0.05,0.38909283541346
"each_other",0.051,0.388798091813074
"each_other",0.052,0.388506801477421
"each_other",0.053,0.388218874614038
"each_other",0.054,0.387934225336733
"each_other",0.055,0.387652771431556
"each_other",0.056,0.387374434140514
"each_other",0.057,0.387099137961435
"each_other",0.058,0.386826810462498
"each_other",0.059,0.386557382110164
"each_other",0.06,0.386290786109329
"each_other",0.061,0.386026958254654
"each_other",0.062,0.385765836792136
"each_other",0.063,0.385507362290064
"each_other",0.064,0.385251477518593
"each_other",0.065,0.384998127337253
"each_other",0.066,0.384747258589746
"each_other",0.067,0.384498820005472
"each_other",0.068,0.384252762107263
"each_other",0.069,0.384009037124852
"each_other",0.07,0.383767598913641
"each_other",0.071,0.383528402878394
"each_other",0.072,0.383291405901463
"each_other",0.073,0.38305656627526
"each_other",0.074,0.382823843638638
"each_other",0.075,0.382593198916929
"each_other",0.076,0.382364594265372
"each_other",0.077,0.382137993015714
"each_other",0.078,0.381913359625745
"each_other",0.079,0.381690659631601
"each_other",0.08,0.381469859602632
"each_other",0.081,0.381250927098666
"each_other",0.082,0.381033830629534
"each_other",0.083,0.380818539616693
"each_other",0.084,0.380605024356821
"each_other",0.085,0.380393255987267
"each_other",0.086,0.380183206453231
"each_other",0.087,0.379974848476582
"each_other",0.088,0.379768155526202
"each_other",0.089,0.379563101789775
"each_other",0.09,0.379359662146929
"each_other",0.091,0.379157812143663
"each_other",0.092,0.378957527967969
"each_other",0.093,0.378758786426593
"each_other",0.094,0.378561564922873
"each_other",0.095,0.378365841435576
"each_other",0.096,0.378171594498701
"each_other",0.097,0.377978803182182
"each_other",0.098,0.377787447073446
"each_other",0.099,0.377597506259776
"each_other",0.1,0.377408961311445
"each_other",0.101,0.37722179326557
"each_other",0.102,0.377035983610657
"each_other",0.103,0.3768515142718
"each_other",0.104,0.376668367596491
"each_other",0.105,0.376486526341024
"each_other",0.106,0.376305973657455
"each_other",0.107,0.376126693081095
"each_other",0.108,0.375948668518497
"each_other",0.109,0.375771884235939
"each_other",0.11,0.375596324848343
"each_other",0.111,0.375421975308649
"each_other",0.112,0.375248820897586
"each_other",0.113,0.375076847213848
"each_other",0.114,0.374906040164638
"each_other",0.115,0.374736385956576
"each_other",0.116,0.374567871086947
"each_other",0.117,0.374400482335273
"each_other",0.118,0.374234206755201
"each_other",0.119,0.374069031666686
"each_other",0.12,0.373904944648454
"each_other",0.121,0.373741933530749
"each_other",0.122,0.373579986388324
"each_other",0.123,0.373419091533694
"each_other",0.124,0.373259237510621
"each_other",0.125,0.373100413087826
"each_other",0.126,0.372942607252921
"each_other",0.127,0.372785809206548
"each_other",0.128,0.372630008356725
"each_other",0.129,0.372475194313371
"each_other",0.13,0.372321356883029
"each_other",0.131,0.372168486063756
"each_other",0.132,0.372016572040183
"each_other",0.133,0.371865605178748
"each_other",0.134,0.371715576023068
"each_other",0.135,0.371566475289475
"each_other",0.136,0.37141829386269
"each_other",0.137,0.371271022791636
"each_other",0.138,0.371124653285384
"each_other",0.139,0.370979176709228
"each_other",0.14,0.370834584580881
"each_other",0.141,0.370690868566791
"each_other",0.142,0.37054802047857
"each_other",0.143,0.370406032269532
"each_other",0.144,0.370264896031339
"each_other",0.145,0.370124603990746
"each_other",0.146,0.369985148506445
"each_other",0.147,0.369846522066002
"each_other",0.148,0.369708717282887
"each_other",0.149,0.369571726893591
"each_other",0.15,0.369435543754825
"each_other",0.151,0.369300160840805
"each_other",0.152,0.369165571240612
"each_other",0.153,0.369031768155627
"each_other",0.154,0.368898744897045
"each_other",0.155,0.368766494883452
"each_other",0.156,0.368635011638478
"each_other",0.157,0.368504288788507
"each_other",0.158,0.368374320060462
"each_other",0.159,0.368245099279637
"each_other",0.16,0.368116620367604
"each_other",0.161,0.367988877340166
"each_other",0.162,0.367861864305371
"each_other",0.163,0.367735575461577
"each_other",0.164,0.367610005095572
"each_other",0.165,0.367485147580742
"each_other",0.166,0.367360997375285
"each_other",0.167,0.367237549020481
"each_other",0.168,0.367114797138997
"each_other",0.169,0.366992736433243
"each_other",0.17,0.366871361683768
"each_other",0.171,0.3667506677477
"each_other",0.172,0.36663064955722
"each_other",0.173,0.366511302118082
"each_other",0.174,0.366392620508167
"each_other",0.175,0.366274599876073
"each_other",0.176,0.366157235439744
"each_other",0.177,0.366040522485126
"each_other",0.178,0.365924456364867
"each_other",0.179,0.365809032497037
"each_other",0.18,0.36569424636389
"each_other",0.181,0.365580093510648
"each_other",0.182,0.365466569544325
"each_other",0.183,0.365353670132561
"each_other",0.184,0.36524139100251
"each_other",0.185,0.365129727939727
"each_other",0.186,0.365018676787105
"each_other",0.187,0.36490823344382
"each_other",0.188,0.364798393864312
"each_other",0.189,0.364689154057285
"each_other",0.19,0.364580510084729
"each_other",0.191,0.364472458060966
"each_other",0.192,0.364364994151725
"each_other",0.193,0.364258114573224
"each_other",0.194,0.364151815591284
"each_other",0.195,0.364046093520461
"each_other",0.196,0.363940944723197
"each_other",0.197,0.363836365608987
"each_other",0.198,0.363732352633569
"each_other",0.199,0.36362890229813
"each_other",0.2,0.36352601114853
"each_other",0.201,0.363423675774546
"each_other",0.202,0.363321892809125
"each_other",0.203,0.363220658927659
"each_other",0.204,0.363119970847279
"each_other",0.205,0.363019825326157
"each_other",0.206,0.362920219162823
"each_other",0.207,0.362821149195509
"each_other",0.208,0.362722612301488
"each_other",0.209,0.362624605396442
"each_other",0.21,0.362527125433839
"each_other",0.211,0.362430169404319
"each_other",0.212,0.3623337343351
"each_other",0.213,0.362237817289389
"each_other",0.214,0.362142415365813
"each_other",0.215,0.362047525697853
"each_other",0.216,0.361953145453299
"each_other",0.217,0.361859271833708
"each_other",0.218,0.361765902073878
"each_other",0.219,0.361673033441333
"each_other",0.22,0.361580663235813
"each_other",0.221,0.361488788788781
"each_other",0.222,0.361397407462935
"each_other",0.223,0.361306516651733
"each_other",0.224,0.361216113778926
"each_other",0.225,0.361126196298099
"each_other",0.226,0.361036761692224
"each_other",0.227,0.360947807473218
"each_other",0.228,0.360859331181514
"each_other",0.229,0.360771330385638
"each_other",0.23,0.360683802681793
"each_other",0.231,0.360596745693453
"each_other",0.232,0.360510157070964
"each_other",0.233,0.360424034491152
"each_other",0.234,0.360338375656944
"each_other",0.235,0.360253178296984
"each_other",0.236,0.36016844016527
"each_other",0.237,0.360084159040787
"each_other",0.238,0.360000332727158
"each_other",0.239,0.359916959052287
"each_other",0.24,0.359834035868021
"each_other",0.241,0.359751561049816
"each_other",0.242,0.359669532496402
"each_other",0.243,0.359587948129463
"each_other",0.244,0.359506805893319
"each_other",0.245,0.359426103754612
"each_other",0.246,0.359345839702002
"each_other",0.247,0.359266011745864
"each_other",0.248,0.359186617917993
"each_other",0.249,0.359107656271317
"each_other",0.25,0.359029124879608
"each_other",0.251,0.358951021837206
"each_other",0.252,0.35887334525874
"each_other",0.253,0.358796093278862
"each_other",0.254,0.35871926405198
"each_other",0.255,0.358642855751999
"each_other",0.256,0.358566866572062
"each_other",0.257,0.358491294724302
"each_other",0.258,0.358416138439594
"each_other",0.259,0.358341395967309
"each_other",0.26,0.358267065575082
"each_other",0.261,0.358193145548572
"each_other",0.262,0.358119634191232
"each_other",0.263,0.358046529824087
"each_other",0.264,0.357973830785505
"each_other",0.265,0.357901535430984
"each_other",0.266,0.357829642132932
"each_other",0.267,0.35775814928046
"each_other",0.268,0.357687055279169
"each_other",0.269,0.357616358550952
"each_other",0.27,0.357546057533785
"each_other",0.271,0.357476150681536
"each_other",0.272,0.357406636463768
"each_other",0.273,0.357337513365547
"each_other",0.274,0.357268779887256
"each_other",0.275,0.357200434544408
"each_other",0.276,0.357132475867463
"each_other",0.277,0.357064902401655
"each_other",0.278,0.356997712706808
"each_other",0.279,0.356930905357169
"each_other",0.28,0.356864478941233
"each_other",0.281,0.356798432061579
"each_other",0.282,0.356732763334703
"each_other",0.283,0.356667471390856
"each_other",0.284,0.356602554873885
"each_other",0.285,0.356538012441074
"each_other",0.286,0.356473842762992
"each_other",0.287,0.356410044523338
"each_other",0.288,0.356346616418793
"each_other",0.289,0.356283557158871
"each_other",0.29,0.356220865465775
"each_other",0.291,0.356158540074255
"each_other",0.292,0.356096579731464
"each_other",0.293,0.356034983196822
"each_other",0.294,0.355973749241881
"each_other",0.295,0.355912876650186
"each_other",0.296,0.355852364217148
"each_other",0.297,0.35579221074991
"each_other",0.298,0.355732415067221
"each_other",0.299,0.35567297599931
"each_other",0.3,0.355613892387759
"each_other",0.301,0.355555163085383
"each_other",0.302,0.355496786956111
"each_other",0.303,0.355438762874862
"each_other",0.304,0.355381089727434
"each_other",0.305,0.355323766410385
"each_other",0.306,0.35526679183092
"each_other",0.307,0.355210164906781
"each_other",0.308,0.355153884566136
"each_other",0.309,0.355097949747468
"each_other",0.31,0.355042359399475
"each_other",0.311,0.354987112480955
"each_other",0.312,0.354932207960713
"each_other",0.313,0.354877644817448
"each_other",0.314,0.354823422039663
"each_other",0.315,0.354769538625557
"each_other",0.316,0.354715993582932
"each_other",0.317,0.354662785929097
"each_other",0.318,0.354609914690768
"each_other",0.319,0.354557378903981
"each_other",0.32,0.354505177613997
"each_other",0.321,0.35445330987521
"each_other",0.322,0.354401774751059
"each_other",0.323,0.354350571313939
"each_other",0.324,0.354299698645114
"each_other",0.325,0.354249155834632
"each_other",0.326,0.354198941981241
"each_other",0.327,0.354149056192304
"each_other",0.328,0.354099497583717
"each_other",0.329,0.354050265279829
"each_other",0.33,0.354001358413364
"each_other",0.331,0.353952776125338
"each_other",0.332,0.353904517564983
"each_other",0.333,0.353856581889675
"each_other",0.334,0.353808968264852
"each_other",0.335,0.353761675863943
"each_other",0.336,0.353714703868294
"each_other",0.337,0.353668051467098
"each_other",0.338,0.353621717857319
"each_other",0.339,0.353575702243628
"each_other",0.34,0.353530003838326
"each_other",0.341,0.353484621861285
"each_other",0.342,0.353439555539872
"each_other",0.343,0.353394804108888
"each_other",0.344,0.353350366810499
"each_other",0.345,0.353306242894176
"each_other",0.346,0.353262431616626
"each_other",0.347,0.353218932241732
"each_other",0.348,0.353175744040493
"each_other",0.349,0.353132866290957
"each_other",0.35,0.353090298278167
"each_other",0.351,0.353048039294098
"each_other",0.352,0.353006088637599
"each_other",0.353,0.352964445614337
"each_other",0.354,0.352923109536737
"each_other",0.355,0.352882079723926
"each_other",0.356,0.352841355501681
"each_other",0.357,0.352800936202372
"each_other",0.358,0.352760821164907
"each_other",0.359,0.352721009734679
"each_other",0.36,0.352681501263515
"each_other",0.361,0.352642295109624
"each_other",0.362,0.352603390637545
"each_other",0.363,0.352564787218097
"each_other",0.364,0.352526484228328
"each_other",0.365,0.352488481051469
"each_other",0.366,0.352450777076882
"each_other",0.367,0.352413371700015
"each_other",0.368,0.352376264322353
"each_other",0.369,0.352339454351374
"each_other",0.37,0.3523029412005
"each_other",0.371,0.352266724289055
"each_other",0.372,0.352230803042216
"each_other",0.373,0.352195176890975
"each_other",0.374,0.352159845272091
"each_other",0.375,0.352124807628048
"each_other",0.376,0.352090063407015
"each_other",0.377,0.3520556120628
"each_other",0.378,0.352021453054814
"each_other",0.379,0.351987585848028
"each_other",0.38,0.351954009912931
"each_other",0.381,0.351920724725494
"each_other",0.382,0.35188772976713
"each_other",0.383,0.351855024524653
"each_other",0.384,0.351822608490246
"each_other",0.385,0.351790481161417
"each_other",0.386,0.351758642040966
"each_other",0.387,0.351727090636947
"each_other",0.388,0.351695826462634
"each_other",0.389,0.351664849036485
"each_other",0.39,0.351634157882104
"each_other",0.391,0.351603752528212
"each_other",0.392,0.351573632508608
"each_other",0.393,0.351543797362138
"each_other",0.394,0.351514246632664
"each_other",0.395,0.351484979869025
"each_other",0.396,0.351455996625013
"each_other",0.397,0.351427296459334
"each_other",0.398,0.351398878935581
"each_other",0.399,0.351370743622204
"each_other",0.4,0.351342890092473
"each_other",0.401,0.351315317924459
"each_other",0.402,0.351288026700991
"each_other",0.403,0.35126101600964
"each_other",0.404,0.351234285442681
"each_other",0.405,0.351207834597068
"each_other",0.406,0.351181663074407
"each_other",0.407,0.351155770480925
"each_other",0.408,0.351130156427447
"each_other",0.409,0.351104820529368
"each_other",0.41,0.351079762406623
"each_other",0.411,0.351054981683665
"each_other",0.412,0.351030477989439
"each_other",0.413,0.351006250957354
"each_other",0.414,0.350982300225261
"each_other",0.415,0.350958625435427
"each_other",0.416,0.350935226234509
"each_other",0.417,0.350912102273535
"each_other",0.418,0.350889253207875
"each_other",0.419,0.350866678697222
"each_other",0.42,0.350844378405565
"each_other",0.421,0.350822352001171
"each_other",0.422,0.350800599156559
"each_other",0.423,0.35077911954848
"each_other",0.424,0.350757912857895
"each_other",0.425,0.350736978769956
"each_other",0.426,0.350716316973979
"each_other",0.427,0.350695927163429
"each_other",0.428,0.3506758090359
"each_other",0.429,0.350655962293091
"each_other",0.43,0.350636386640788
"each_other",0.431,0.350617081788845
"each_other",0.432,0.350598047451166
"each_other",0.433,0.350579283345685
"each_other",0.434,0.350560789194347
"each_other",0.435,0.35054256472309
"each_other",0.436,0.350524609661828
"each_other",0.437,0.350506923744433
"each_other",0.438,0.350489506708717
"each_other",0.439,0.350472358296416
"each_other",0.44,0.350455478253173
"each_other",0.441,0.350438866328519
"each_other",0.442,0.350422522275862
"each_other",0.443,0.350406445852466
"each_other",0.444,0.350390636819438
"each_other",0.445,0.35037509494171
"each_other",0.446,0.350359819988029
"each_other",0.447,0.350344811730936
"each_other",0.448,0.350330069946755
"each_other",0.449,0.350315594415579
"each_other",0.45,0.350301384921251
"each_other",0.451,0.350287441251359
"each_other",0.452,0.350273763197212
"each_other",0.453,0.350260350553834
"each_other",0.454,0.35024720311995
"each_other",0.455,0.35023432069797
"each_other",0.456,0.350221703093977
"each_other",0.457,0.350209350117718
"each_other",0.458,0.350197261582588
"each_other",0.459,0.35018543730562
"each_other",0.46,0.350173877107474
"each_other",0.461,0.350162580812423
"each_other",0.462,0.350151548248344
"each_other",0.463,0.350140779246706
"each_other",0.464,0.350130273642559
"each_other",0.465,0.350120031274527
"each_other",0.466,0.35011005198479
"each_other",0.467,0.350100335619082
"each_other",0.468,0.350090882026678
"each_other",0.469,0.350081691060382
"each_other",0.47,0.350072762576522
"each_other",0.471,0.350064096434938
"each_other",0.472,0.350055692498974
"each_other",0.473,0.350047550635467
"each_other",0.474,0.350039670714744
"each_other",0.475,0.350032052610607
"each_other",0.476,0.35002469620033
"each_other",0.477,0.35001760136465
"each_other",0.478,0.350010767987756
"each_other",0.479,0.350004195957285
"each_other",0.48,0.349997885164317
"each_other",0.481,0.349991835503361
"each_other",0.482,0.349986046872353
"each_other",0.483,0.34998051917265
"each_other",0.484,0.349975252309022
"each_other",0.485,0.349970246189645
"each_other",0.486,0.349965500726095
"each_other",0.487,0.349961015833346
"each_other",0.488,0.34995679142976
"each_other",0.489,0.349952827437083
"each_other",0.49,0.349949123780441
"each_other",0.491,0.349945680388333
"each_other",0.492,0.34994249719263
"each_other",0.493,0.349939574128564
"each_other",0.494,0.34993691113473
"each_other",0.495,0.34993450815308
"each_other",0.496,0.349932365128916
"each_other",0.497,0.34993048201089
"each_other",0.498,0.349928858751001
"each_other",0.499,0.349927495304585
"each_other",0.5,0.349926391630322
"each_other",0.501,0.349925547690223
"each_other",0.502,0.349924963449635
"each_other",0.503,0.349924638877233
"each_other",0.504,0.349924573945022
"each_other",0.505,0.349924768628332
"each_other",0.506,0.349925222905816
"each_other",0.507,0.349925936759448
"each_other",0.508,0.349926910174527
"each_other",0.509,0.349928143139665
"each_other",0.51,0.349929635646797
"each_other",0.511,0.349931387691171
"each_other",0.512,0.349933399271352
"each_other",0.513,0.349935670389223
"each_other",0.514,0.349938201049977
"each_other",0.515,0.349940991262127
"each_other",0.516,0.349944041037498
"each_other",0.517,0.349947350391229
"each_other",0.518,0.349950919341776
"each_other",0.519,0.34995474791091
"each_other",0.52,0.34995883612372
"each_other",0.521,0.34996318400861
"each_other",0.522,0.349967791597305
"each_other",0.523,0.349972658924848
"each_other",0.524,0.349977786029606
"each_other",0.525,0.349983172953267
"each_other",0.526,0.349988819740846
"each_other",0.527,0.349994726440684
"each_other",0.528,0.350000893104452
"each_other",0.529,0.350007319787154
"each_other",0.53,0.350014006547128
"each_other",0.531,0.350020953446051
"each_other",0.532,0.350028160548939
"each_other",0.533,0.350035627924155
"each_other",0.534,0.350043355643409
"each_other",0.535,0.35005134378176
"each_other",0.536,0.350059592417626
"each_other",0.537,0.350068101632783
"each_other",0.538,0.350076871512371
"each_other",0.539,0.350085902144898
"each_other",0.54,0.350095193622248
"each_other",0.541,0.350104746039679
"each_other",0.542,0.350114559495836
"each_other",0.543,0.35012463409275
"each_other",0.544,0.350134969935849
"each_other",0.545,0.350145567133958
"each_other",0.546,0.350156425799309
"each_other",0.547,0.350167546047549
"each_other",0.548,0.35017892799774
"each_other",0.549,0.35019057177237
"each_other",0.55,0.350202477497362
"each_other",0.551,0.350214645302073
"each_other",0.552,0.350227075319311
"each_other",0.553,0.350239767685335
"each_other",0.554,0.350252722539867
"each_other",0.555,0.350265940026098
"each_other",0.556,0.350279420290697
"each_other",0.557,0.350293163483817
"each_other",0.558,0.350307169759109
"each_other",0.559,0.350321439273724
"each_other",0.56,0.350335972188327
"each_other",0.561,0.350350768667104
"each_other",0.562,0.350365828877773
"each_other",0.563,0.350381152991592
"each_other",0.564,0.350396741183368
"each_other",0.565,0.350412593631473
"each_other",0.566,0.350428710517846
"each_other",0.567,0.350445092028011
"each_other",0.568,0.350461738351083
"each_other",0.569,0.350478649679781
"each_other",0.57,0.350495826210441
"each_other",0.571,0.350513268143023
"each_other",0.572,0.350530975681129
"each_other",0.573,0.350548949032008
"each_other",0.574,0.350567188406576
"each_other",0.575,0.350585694019422
"each_other",0.576,0.350604466088825
"each_other",0.577,0.350623504836765
"each_other",0.578,0.350642810488936
"each_other",0.579,0.350662383274762
"each_other",0.58,0.35068222342741
"each_other",0.581,0.350702331183803
"each_other",0.582,0.350722706784633
"each_other",0.583,0.350743350474381
"each_other",0.584,0.350764262501325
"each_other",0.585,0.350785443117562
"each_other",0.586,0.35080689257902
"each_other",0.587,0.35082861114547
"each_other",0.588,0.350850599080551
"each_other",0.589,0.350872856651779
"each_other",0.59,0.350895384130566
"each_other",0.591,0.350918181792237
"each_other",0.592,0.350941249916048
"each_other",0.593,0.3509645887852
"each_other",0.594,0.350988198686861
"each_other",0.595,0.351012079912183
"each_other",0.596,0.351036232756318
"each_other",0.597,0.35106065751844
"each_other",0.598,0.35108535450176
"each_other",0.599,0.35111032401355
"each_other",0.6,0.351135566365158
"each_other",0.601,0.351161081872032
"each_other",0.602,0.351186870853737
"each_other",0.603,0.351212933633978
"each_other",0.604,0.351239270540619
"each_other",0.605,0.351265881905705
"each_other",0.606,0.351292768065485
"each_other",0.607,0.351319929360429
"each_other",0.608,0.351347366135257
"each_other",0.609,0.351375078738958
"each_other",0.61,0.351403067524811
"each_other",0.611,0.351431332850413
"each_other",0.612,0.351459875077698
"each_other",0.613,0.351488694572965
"each_other",0.614,0.351517791706899
"each_other",0.615,0.351547166854598
"each_other",0.616,0.351576820395597
"each_other",0.617,0.351606752713893
"each_other",0.618,0.351636964197975
"each_other",0.619,0.351667455240843
"each_other",0.62,0.351698226240041
"each_other",0.621,0.35172927759768
"each_other",0.622,0.35176060972047
"each_other",0.623,0.351792223019741
"each_other",0.624,0.351824117911479
"each_other",0.625,0.351856294816349
"each_other",0.626,0.351888754159726
"each_other",0.627,0.351921496371726
"each_other",0.628,0.351954521887233
"each_other",0.629,0.351987831145932
"each_other",0.63,0.352021424592338
"each_other",0.631,0.352055302675831
"each_other",0.632,0.352089465850681
"each_other",0.633,0.352123914576088
"each_other",0.634,0.352158649316206
"each_other",0.635,0.352193670540187
"each_other",0.636,0.352228978722205
"each_other",0.637,0.352264574341495
"each_other",0.638,0.352300457882385
"each_other",0.639,0.352336629834335
"each_other",0.64,0.35237309069197
"each_other",0.641,0.352409840955114
"each_other",0.642,0.352446881128832
"each_other",0.643,0.352484211723463
"each_other",0.644,0.352521833254659
"each_other",0.645,0.352559746243424
"each_other",0.646,0.352597951216152
"each_other",0.647,0.352636448704666
"each_other",0.648,0.35267523924626
"each_other",0.649,0.352714323383737
"each_other",0.65,0.352753701665451
"each_other",0.651,0.35279337464535
"each_other",0.652,0.352833342883017
"each_other",0.653,0.352873606943711
"each_other",0.654,0.352914167398416
"each_other",0.655,0.352955024823881
"each_other",0.656,0.352996179802664
"each_other",0.657,0.353037632923181
"each_other",0.658,0.353079384779749
"each_other",0.659,0.353121435972635
"each_other",0.66,0.353163787108101
"each_other",0.661,0.353206438798455
"each_other",0.662,0.353249391662098
"each_other",0.663,0.353292646323573
"each_other",0.664,0.353336203413617
"each_other",0.665,0.353380063569211
"each_other",0.666,0.35342422743363
"each_other",0.667,0.353468695656501
"each_other",0.668,0.353513468893848
"each_other",0.669,0.353558547808154
"each_other",0.67,0.35360393306841
"each_other",0.671,0.353649625350174
"each_other",0.672,0.353695625335624
"each_other",0.673,0.35374193371362
"each_other",0.674,0.353788551179757
"each_other",0.675,0.353835478436429
"each_other",0.676,0.353882716192882
"each_other",0.677,0.353930265165282
"each_other",0.678,0.353978126076771
"each_other",0.679,0.354026299657533
"each_other",0.68,0.354074786644855
"each_other",0.681,0.354123587783191
"each_other",0.682,0.35417270382423
"each_other",0.683,0.35422213552696
"each_other",0.684,0.354271883657735
"each_other",0.685,0.354321948990345
"each_other",0.686,0.354372332306081
"each_other",0.687,0.354423034393813
"each_other",0.688,0.354474056050051
"each_other",0.689,0.354525398079027
"each_other",0.69,0.354577061292763
"each_other",0.691,0.354629046511145
"each_other",0.692,0.354681354562001
"each_other",0.693,0.354733986281179
"each_other",0.694,0.354786942512621
"each_other",0.695,0.354840224108444
"each_other",0.696,0.354893831929021
"each_other",0.697,0.354947766843062
"each_other",0.698,0.355002029727697
"each_other",0.699,0.355056621468559
"each_other",0.7,0.355111542959871
"each_other",0.701,0.35516679510453
"each_other",0.702,0.355222378814199
"each_other",0.703,0.355278295009393
"each_other",0.704,0.35533454461957
"each_other",0.705,0.355391128583225
"each_other",0.706,0.355448047847982
"each_other",0.707,0.35550530337069
"each_other",0.708,0.355562896117518
"each_other",0.709,0.355620827064055
"each_other",0.71,0.355679097195407
"each_other",0.711,0.355737707506301
"each_other",0.712,0.355796659001187
"each_other",0.713,0.355855952694339
"each_other",0.714,0.355915589609967
"each_other",0.715,0.355975570782318
"each_other",0.716,0.356035897255792
"each_other",0.717,0.356096570085048
"each_other",0.718,0.356157590335119
"each_other",0.719,0.356218959081527
"each_other",0.72,0.356280677410398
"each_other",0.721,0.356342746418585
"each_other",0.722,0.356405167213782
"each_other",0.723,0.35646794091465
"each_other",0.724,0.356531068650942
"each_other",0.725,0.356594551563627
"each_other",0.726,0.356658390805022
"each_other",0.727,0.356722587538918
"each_other",0.728,0.356787142940717
"each_other",0.729,0.356852058197563
"each_other",0.73,0.356917334508485
"each_other",0.731,0.35698297308453
"each_other",0.732,0.357048975148909
"each_other",0.733,0.357115341937139
"each_other",0.734,0.357182074697193
"each_other",0.735,0.357249174689645
"each_other",0.736,0.357316643187823
"each_other",0.737,0.357384481477966
"each_other",0.738,0.357452690859378
"each_other",0.739,0.357521272644588
"each_other",0.74,0.357590228159512
"each_other",0.741,0.357659558743619
"each_other",0.742,0.357729265750102
"each_other",0.743,0.35779935054604
"each_other",0.744,0.357869814512584
"each_other",0.745,0.357940659045122
"each_other",0.746,0.358011885553468
"each_other",0.747,0.358083495462042
"each_other",0.748,0.358155490210053
"each_other",0.749,0.358227871251697
"each_other",0.75,0.358300640056341
"each_other",0.751,0.358373798108726
"each_other",0.752,0.358447346909165
"each_other",0.753,0.358521287973746
"each_other",0.754,0.358595622834541
"each_other",0.755,0.358670353039816
"each_other",0.756,0.358745480154246
"each_other",0.757,0.358821005759135
"each_other",0.758,0.358896931452639
"each_other",0.759,0.35897325884999
"each_other",0.76,0.359049989583732
"each_other",0.761,0.359127125303955
"each_other",0.762,0.359204667678532
"each_other",0.763,0.359282618393367
"each_other",0.764,0.359360979152644
"each_other",0.765,0.359439751679076
"each_other",0.766,0.359518937714172
"each_other",0.767,0.359598539018492
"each_other",0.768,0.359678557371921
"each_other",0.769,0.359758994573941
"each_other",0.77,0.359839852443907
"each_other",0.771,0.359921132821338
"each_other",0.772,0.3600028375662
"each_other",0.773,0.360084968559206
"each_other",0.774,0.360167527702115
"each_other",0.775,0.360250516918038
"each_other",0.776,0.360333938151756
"each_other",0.777,0.360417793370035
"each_other",0.778,0.360502084561953
"each_other",0.779,0.360586813739233
"each_other",0.78,0.360671982936579
"each_other",0.781,0.360757594212028
"each_other",0.782,0.360843649647296
"each_other",0.783,0.360930151348143
"each_other",0.784,0.361017101444736
"each_other",0.785,0.361104502092028
"each_other",0.786,0.361192355470136
"each_other",0.787,0.361280663784737
"each_other",0.788,0.361369429267462
"each_other",0.789,0.361458654176303
"each_other",0.79,0.361548340796033
"each_other",0.791,0.361638491438624
"each_other",0.792,0.361729108443685
"each_other",0.793,0.361820194178901
"each_other",0.794,0.361911751040488
"each_other",0.795,0.36200378145365
"each_other",0.796,0.362096287873055
"each_other",0.797,0.362189272783315
"each_other",0.798,0.362282738699477
"each_other",0.799,0.362376688167525
"each_other",0.8,0.362471123764898
"each_other",0.801,0.362566048101011
"each_other",0.802,0.362661463817794
"each_other",0.803,0.362757373590241
"each_other",0.804,0.362853780126969
"each_other",0.805,0.362950686170795
"each_other",0.806,0.363048094499318
"each_other",0.807,0.363146007925524
"each_other",0.808,0.363244429298397
"each_other",0.809,0.363343361503547
"each_other",0.81,0.363442807463852
"each_other",0.811,0.363542770140117
"each_other",0.812,0.363643252531743
"each_other",0.813,0.363744257677419
"each_other",0.814,0.363845788655824
"each_other",0.815,0.363947848586347
"each_other",0.816,0.364050440629828
"each_other",0.817,0.364153567989313
"each_other",0.818,0.364257233910826
"each_other",0.819,0.364361441684163
"each_other",0.82,0.364466194643703
"each_other",0.821,0.364571496169243
"each_other",0.822,0.364677349686844
"each_other",0.823,0.36478375866971
"each_other",0.824,0.364890726639077
"each_other",0.825,0.364998257165135
"each_other",0.826,0.365106353867965
"each_other",0.827,0.365215020418505
"each_other",0.828,0.365324260539534
"each_other",0.829,0.365434078006689
"each_other",0.83,0.365544476649502
"each_other",0.831,0.365655460352468
"each_other",0.832,0.365767033056135
"each_other",0.833,0.365879198758231
"each_other",0.834,0.365991961514809
"each_other",0.835,0.366105325441435
"each_other",0.836,0.366219294714397
"each_other",0.837,0.366333873571952
"each_other",0.838,0.366449066315604
"each_other",0.839,0.366564877311418
"each_other",0.84,0.366681310991367
"each_other",0.841,0.36679837185472
"each_other",0.842,0.366916064469466
"each_other",0.843,0.367034393473773
"each_other",0.844,0.367153363577495
"each_other",0.845,0.367272979563718
"each_other",0.846,0.367393246290346
"each_other",0.847,0.367514168691738
"each_other",0.848,0.367635751780388
"each_other",0.849,0.36775800064865
"each_other",0.85,0.367880920470523
"each_other",0.851,0.368004516503474
"each_other",0.852,0.368128794090328
"each_other",0.853,0.368253758661202
"each_other",0.854,0.368379415735502
"each_other",0.855,0.368505770923979
"each_other",0.856,0.368632829930847
"each_other",0.857,0.368760598555961
"each_other",0.858,0.368889082697067
"each_other",0.859,0.369018288352113
"each_other",0.86,0.369148221621642
"each_other",0.861,0.369278888711246
"each_other",0.862,0.369410295934107
"each_other",0.863,0.369542449713612
"each_other",0.864,0.369675356586053
"each_other",0.865,0.369809023203411
"each_other",0.866,0.369943456336233
"each_other",0.867,0.370078662876594
"each_other",0.868,0.370214649841165
"each_other",0.869,0.370351424374374
"each_other",0.87,0.370488993751673
"each_other",0.871,0.370627365382915
"each_other",0.872,0.370766546815841
"each_other",0.873,0.370906545739688
"each_other",0.874,0.371047369988916
"each_other",0.875,0.371189027547062
"each_other",0.876,0.37133152655073
"each_other",0.877,0.371474875293717
"each_other",0.878,0.371619082231279
"each_other",0.879,0.371764155984559
"each_other",0.88,0.371910105345157
"each_other",0.881,0.372056939279873
"each_other",0.882,0.372204666935619
"each_other",0.883,0.372353297644509
"each_other",0.884,0.372502840929129
"each_other",0.885,0.372653306508015
"each_other",0.886,0.372804704301317
"each_other",0.887,0.372957044436693
"each_other",0.888,0.37311033725541
"each_other",0.889,0.373264593318688
"each_other",0.89,0.373419823414282
"each_other",0.891,0.37357603856332
"each_other",0.892,0.37373325002741
"each_other",0.893,0.37389146931602
"each_other",0.894,0.374050708194163
"each_other",0.895,0.374210978690378
"each_other",0.896,0.374372293105038
"each_other",0.897,0.374534664018996
"each_other",0.898,0.37469810430259
"each_other",0.899,0.374862627125016
"each_other",0.9,0.375028245964094
"each_other",0.901,0.375194974616451
"each_other",0.902,0.375362827208133
"each_other",0.903,0.375531818205676
"each_other",0.904,0.375701962427657
"each_other",0.905,0.375873275056752
"each_other",0.906,0.376045771652325
"each_other",0.907,0.376219468163582
"each_other",0.908,0.37639438094332
"each_other",0.909,0.376570526762296
"each_other",0.91,0.376747922824265
"each_other",0.911,0.376926586781707
"each_other",0.912,0.377106536752305
"each_other",0.913,0.377287791336192
"each_other",0.914,0.37747036963403
"each_other",0.915,0.377654291265968
"each_other",0.916,0.377839576391516
"each_other",0.917,0.378026245730414
"each_other",0.918,0.378214320584539
"each_other",0.919,0.378403822860913
"each_other",0.92,0.378594775095898
"each_other",0.921,0.37878720048063
"each_other",0.922,0.378981122887786
"each_other",0.923,0.379176566899768
"each_other",0.924,0.379373557838385
"each_other",0.925,0.379572121796147
"each_other",0.926,0.379772285669268
"each_other",0.927,0.379974077192497
"each_other",0.928,0.380177524975893
"each_other",0.929,0.380382658543701
"each_other",0.93,0.380589508375441
"each_other",0.931,0.380798105949405
"each_other",0.932,0.381008483788694
"each_other",0.933,0.381220675510021
"each_other",0.934,0.381434715875446
"each_other",0.935,0.381650640847285
"each_other",0.936,0.381868487646426
"each_other",0.937,0.382088294814305
"each_other",0.938,0.38231010227884
"each_other",0.939,0.382533951424615
"each_other",0.94,0.382759885167679
"each_other",0.941,0.382987948035302
"each_other",0.942,0.38321818625112
"each_other",0.943,0.383450647826104
"each_other",0.944,0.383685382655847
"each_other",0.945,0.383922442624719
"each_other",0.946,0.384161881717471
"each_other",0.947,0.384403756138964
"each_other",0.948,0.384648124442745
"each_other",0.949,0.384895047669273
"each_other",0.95,0.385144589494703
"each_other",0.951,0.385396816391208
"each_other",0.952,0.385651797799961
"each_other",0.953,0.385909606318002
"each_other",0.954,0.38617031790037
"each_other",0.955,0.386434012079044
"each_other",0.956,0.386700772200426
"each_other",0.957,0.3869706856833
"each_other",0.958,0.387243844299459
"each_other",0.959,0.387520344479461
"each_other",0.96,0.387800287646307
"each_other",0.961,0.388083780580189
"each_other",0.962,0.388370935817906
"each_other",0.963,0.388661872091014
"each_other",0.964,0.388956714807379
"each_other",0.965,0.389255596581456
"each_other",0.966,0.38955865781942
"each_other",0.967,0.389866047366168
"each_other",0.968,0.390177923222325
"each_other",0.969,0.390494453340658
"each_other",0.97,0.390815816512802
"each_other",0.971,0.391142203359038
"each_other",0.972,0.391473817435986
"each_other",0.973,0.391810876479694
"each_other",0.974,0.392153613804682
"each_other",0.975,0.3925022798833
"each_other",0.976,0.392857144134308
"each_other",0.977,0.393218496955205
"each_other",0.978,0.393586652039675
"each_other",0.979,0.393961949030017
"each_other",0.98,0.394344756564944
"each_other",0.981,0.394735475796304
"each_other",0.982,0.395134544464803
"each_other",0.983,0.395542441645787
"each_other",0.984,0.395959693302849
"each_other",0.985,0.396386878821382
"each_other",0.986,0.39682463873872
"each_other",0.987,0.397273683945734
"each_other",0.988,0.397734806711562
"each_other",0.989,0.398208893985617
"each_other",0.99,0.398696943569039
"each_other",0.991,0.399200083936099
"each_other",0.992,0.399719598746024
"each_other",0.993,0.40025695744986
"each_other",0.994,0.400813853914464
"each_other",0.995,0.401392255733501
"each_other",0.996,0.401994467995309
"each_other",0.997,0.402623216928431
"each_other",0.998,0.403281761378454
"each_other",0.999,0.403974044053138
"each_other",1,0.404704900913519
"one_another",0,0.415375844433727
"one_another",0.001,0.414222594782542
"one_another",0.002,0.413170377199212
"one_another",0.003,0.412199381868213
"one_another",0.004,0.411295289950277
"one_another",0.005,0.41044740301167
"one_another",0.006,0.409647507886945
"one_another",0.007,0.40888915504646
"one_another",0.008,0.408167181840603
"one_another",0.009,0.40747738715004
"one_another",0.01,0.40681630312538
"one_another",0.011,0.406181031162033
"one_another",0.012,0.405569121541325
"one_another",0.013,0.404978483468642
"one_another",0.014,0.404407316720284
"one_another",0.015,0.403854058941268
"one_another",0.016,0.403317344470337
"one_another",0.017,0.402795971784154
"one_another",0.018,0.402288877475087
"one_another",0.019,0.401795115243767
"one_another",0.02,0.40131383878485
"one_another",0.021,0.40084428772704
"one_another",0.022,0.400385775992496
"one_another",0.023,0.399937682089878
"one_another",0.024,0.39949944096568
"one_another",0.025,0.399070537121058
"one_another",0.026,0.398650498763793
"one_another",0.027,0.398238892812676
"one_another",0.028,0.397835320608259
"one_another",0.029,0.397439414212438
"one_another",0.03,0.397050833201618
"one_another",0.031,0.396669261875776
"one_another",0.032,0.396294406819726
"one_another",0.033,0.395925994764026
"one_another",0.034,0.395563770701948
"one_another",0.035,0.395207496226197
"one_another",0.036,0.394856948054957
"one_another",0.037,0.394511916721679
"one_another",0.038,0.394172205407003
"one_another",0.039,0.393837628894469
"one_another",0.04,0.393508012634408
"one_another",0.041,0.393183191902658
"one_another",0.042,0.392863011042656
"one_another",0.043,0.392547322781048
"one_another",0.044,0.3922359876083
"one_another",0.045,0.391928873216939
"one_another",0.046,0.391625853991007
"one_another",0.047,0.391326810541149
"one_another",0.048,0.391031629280448
"one_another",0.049,0.39074020203673
"one_another",0.05,0.390452425697586
"one_another",0.051,0.390168201884789
"one_another",0.052,0.389887436655203
"one_another",0.053,0.389610040225582
"one_another",0.054,0.38933592671897
"one_another",0.055,0.389065013930675
"one_another",0.056,0.388797223111987
"one_another",0.057,0.388532478770034
"one_another",0.058,0.388270708482319
"one_another",0.059,0.388011842724651
"one_another",0.06,0.387755814711292
"one_another",0.061,0.387502560246296
"one_another",0.062,0.38725201758507
"one_another",0.063,0.387004127305337
"one_another",0.064,0.386758832186712
"one_another",0.065,0.386516077098202
"one_another",0.066,0.386275808893012
"one_another",0.067,0.386037976310066
"one_another",0.068,0.385802529881743
"one_another",0.069,0.385569421847346
"one_another",0.07,0.38533860607187
"one_another",0.071,0.385110037969692
"one_another",0.072,0.384883674432806
"one_another",0.073,0.384659473763283
"one_another",0.074,0.384437395609661
"one_another",0.075,0.38421740090698
"one_another",0.076,0.38399945182021
"one_another",0.077,0.383783511690851
"one_another",0.078,0.383569544986472
"one_another",0.079,0.383357517253011
"one_another",0.08,0.38314739506964
"one_another",0.081,0.382939146006038
"one_another",0.082,0.382732738581908
"one_another",0.083,0.382528142228602
"one_another",0.084,0.382325327252717
"one_another",0.085,0.382124264801548
"one_another",0.086,0.381924926830262
"one_another",0.087,0.381727286070721
"one_another",0.088,0.381531316001822
"one_another",0.089,0.38133699082129
"one_another",0.09,0.38114428541882
"one_another",0.091,0.380953175350498
"one_another",0.092,0.380763636814432
"one_another",0.093,0.380575646627507
"one_another",0.094,0.380389182203223
"one_another",0.095,0.380204221530536
"one_another",0.096,0.380020743153659
"one_another",0.097,0.379838726152765
"one_another",0.098,0.379658150125544
"one_another",0.099,0.379478995169567
"one_another",0.1,0.379301241865421
"one_another",0.101,0.379124871260563
"one_another",0.102,0.378949864853865
"one_another",0.103,0.378776204580809
"one_another",0.104,0.378603872799304
"one_another",0.105,0.378432852276086
"one_another",0.106,0.378263126173679
"one_another",0.107,0.378094678037885
"one_another",0.108,0.37792749178578
"one_another",0.109,0.377761551694184
"one_another",0.11,0.377596842388594
"one_another",0.111,0.377433348832546
"one_another",0.112,0.377271056317394
"one_another",0.113,0.377109950452482
"one_another",0.114,0.376950017155691
"one_another",0.115,0.376791242644346
"one_another",0.116,0.37663361342646
"one_another",0.117,0.376477116292316
"one_another",0.118,0.376321738306344
"one_another",0.119,0.37616746679931
"one_another",0.12,0.37601428936078
"one_another",0.121,0.375862193831863
"one_another",0.122,0.375711168298205
"one_another",0.123,0.375561201083243
"one_another",0.124,0.375412280741686
"one_another",0.125,0.375264396053231
"one_another",0.126,0.375117536016494
"one_another",0.127,0.374971689843149
"one_another",0.128,0.374826846952271
"one_another",0.129,0.374682996964869
"one_another",0.13,0.374540129698599
"one_another",0.131,0.374398235162663
"one_another",0.132,0.374257303552865
"one_another",0.133,0.37411732524684
"one_another",0.134,0.373978290799437
"one_another",0.135,0.373840190938245
"one_another",0.136,0.37370301655927
"one_another",0.137,0.373566758722752
"one_another",0.138,0.373431408649104
"one_another",0.139,0.373296957714995
"one_another",0.14,0.373163397449539
"one_another",0.141,0.373030719530615
"one_another",0.142,0.372898915781296
"one_another",0.143,0.372767978166388
"one_another",0.144,0.372637898789072
"one_another",0.145,0.372508669887653
"one_another",0.146,0.372380283832401
"one_another",0.147,0.372252733122492
"one_another",0.148,0.372126010383036
"one_another",0.149,0.372000108362193
"one_another",0.15,0.371875019928374
"one_another",0.151,0.371750738067525
"one_another",0.152,0.371627255880486
"one_another",0.153,0.371504566580431
"one_another",0.154,0.371382663490376
"one_another",0.155,0.371261540040759
"one_another",0.156,0.371141189767094
"one_another",0.157,0.371021606307681
"one_another",0.158,0.370902783401385
"one_another",0.159,0.37078471488548
"one_another",0.16,0.370667394693544
"one_another",0.161,0.370550816853422
"one_another",0.162,0.370434975485232
"one_another",0.163,0.370319864799435
"one_another",0.164,0.370205479094955
"one_another",0.165,0.370091812757342
"one_another",0.166,0.369978860256996
"one_another",0.167,0.369866616147426
"one_another",0.168,0.369755075063564
"one_another",0.169,0.369644231720115
"one_another",0.17,0.369534080909958
"one_another",0.171,0.369424617502579
"one_another",0.172,0.369315836442554
"one_another",0.173,0.369207732748065
"one_another",0.174,0.369100301509452
"one_another",0.175,0.368993537887807
"one_another",0.176,0.368887437113598
"one_another",0.177,0.368781994485334
"one_another",0.178,0.368677205368253
"one_another",0.179,0.368573065193054
"one_another",0.18,0.368469569454651
"one_another",0.181,0.368366713710963
"one_another",0.182,0.368264493581728
"one_another",0.183,0.368162904747353
"one_another",0.184,0.368061942947787
"one_another",0.185,0.367961603981418
"one_another",0.186,0.367861883704004
"one_another",0.187,0.367762778027624
"one_another",0.188,0.367664282919653
"one_another",0.189,0.367566394401764
"one_another",0.19,0.367469108548954
"one_another",0.191,0.367372421488588
"one_another",0.192,0.367276329399469
"one_another",0.193,0.367180828510928
"one_another",0.194,0.367085915101933
"one_another",0.195,0.366991585500225
"one_another",0.196,0.366897836081464
"one_another",0.197,0.3668046632684
"one_another",0.198,0.366712063530064
"one_another",0.199,0.36662003338097
"one_another",0.2,0.366528569380344
"one_another",0.201,0.366437668131362
"one_another",0.202,0.366347326280409
"one_another",0.203,0.366257540516353
"one_another",0.204,0.366168307569835
"one_another",0.205,0.366079624212577
"one_another",0.206,0.365991487256696
"one_another",0.207,0.365903893554046
"one_another",0.208,0.365816839995562
"one_another",0.209,0.365730323510625
"one_another",0.21,0.365644341066441
"one_another",0.211,0.365558889667424
"one_another",0.212,0.365473966354605
"one_another",0.213,0.365389568205043
"one_another",0.214,0.365305692331255
"one_another",0.215,0.365222335880652
"one_another",0.216,0.365139496034989
"one_another",0.217,0.365057170009832
"one_another",0.218,0.364975355054024
"one_another",0.219,0.364894048449173
"one_another",0.22,0.364813247509144
"one_another",0.221,0.364732949579563
"one_another",0.222,0.364653152037333
"one_another",0.223,0.364573852290156
"one_another",0.224,0.364495047776064
"one_another",0.225,0.364416735962968
"one_another",0.226,0.364338914348202
"one_another",0.227,0.36426158045809
"one_another",0.228,0.364184731847509
"one_another",0.229,0.364108366099471
"one_another",0.23,0.364032480824707
"one_another",0.231,0.363957073661258
"one_another",0.232,0.36388214227408
"one_another",0.233,0.363807684354652
"one_another",0.234,0.363733697620591
"one_another",0.235,0.363660179815277
"one_another",0.236,0.363587128707485
"one_another",0.237,0.363514542091019
"one_another",0.238,0.36344241778436
"one_another",0.239,0.363370753630319
"one_another",0.24,0.363299547495689
"one_another",0.241,0.363228797270913
"one_another",0.242,0.363158500869754
"one_another",0.243,0.363088656228973
"one_another",0.244,0.363019261308006
"one_another",0.245,0.362950314088659
"one_another",0.246,0.362881812574796
"one_another",0.247,0.362813754792043
"one_another",0.248,0.362746138787489
"one_another",0.249,0.3626789626294
"one_another",0.25,0.36261222440693
"one_another",0.251,0.362545922229846
"one_another",0.252,0.362480054228249
"one_another",0.253,0.362414618552307
"one_another",0.254,0.362349613371992
"one_another",0.255,0.362285036876814
"one_another",0.256,0.36222088727557
"one_another",0.257,0.362157162796092
"one_another",0.258,0.362093861684996
"one_another",0.259,0.362030982207448
"one_another",0.26,0.361968522646917
"one_another",0.261,0.361906481304945
"one_another",0.262,0.361844856500917
"one_another",0.263,0.361783646571831
"one_another",0.264,0.361722849872082
"one_another",0.265,0.361662464773237
"one_another",0.266,0.361602489663822
"one_another",0.267,0.361542922949115
"one_another",0.268,0.36148376305093
"one_another",0.269,0.36142500840742
"one_another",0.27,0.361366657472874
"one_another",0.271,0.361308708717517
"one_another",0.272,0.361251160627318
"one_another",0.273,0.3611940117038
"one_another",0.274,0.361137260463849
"one_another",0.275,0.361080905439532
"one_another",0.276,0.361024945177914
"one_another",0.277,0.360969378240879
"one_another",0.278,0.360914203204956
"one_another",0.279,0.360859418661144
"one_another",0.28,0.36080502321474
"one_another",0.281,0.360751015485178
"one_another",0.282,0.360697394105858
"one_another",0.283,0.360644157723985
"one_another",0.284,0.360591305000411
"one_another",0.285,0.36053883460948
"one_another",0.286,0.360486745238867
"one_another",0.287,0.360435035589434
"one_another",0.288,0.360383704375072
"one_another",0.289,0.360332750322562
"one_another",0.29,0.360282172171423
"one_another",0.291,0.360231968673774
"one_another",0.292,0.360182138594191
"one_another",0.293,0.360132680709571
"one_another",0.294,0.360083593808993
"one_another",0.295,0.360034876693585
"one_another",0.296,0.359986528176394
"one_another",0.297,0.359938547082254
"one_another",0.298,0.359890932247657
"one_another",0.299,0.35984368252063
"one_another",0.3,0.35979679676061
"one_another",0.301,0.35975027383832
"one_another",0.302,0.359704112635652
"one_another",0.303,0.359658312045544
"one_another",0.304,0.359612870971868
"one_another",0.305,0.359567788329311
"one_another",0.306,0.359523063043267
"one_another",0.307,0.359478694049718
"one_another",0.308,0.359434680295132
"one_another",0.309,0.35939102073635
"one_another",0.31,0.359347714340479
"one_another",0.311,0.35930476008479
"one_another",0.312,0.359262156956615
"one_another",0.313,0.35921990395324
"one_another",0.314,0.35917800008181
"one_another",0.315,0.359136444359227
"one_another",0.316,0.359095235812053
"one_another",0.317,0.359054373476416
"one_another",0.318,0.359013856397911
"one_another",0.319,0.358973683631513
"one_another",0.32,0.358933854241478
"one_another",0.321,0.358894367301258
"one_another",0.322,0.35885522189341
"one_another",0.323,0.358816417109505
"one_another",0.324,0.358777952050047
"one_another",0.325,0.358739825824383
"one_another",0.326,0.35870203755062
"one_another",0.327,0.358664586355544
"one_another",0.328,0.358627471374534
"one_another",0.329,0.358590691751486
"one_another",0.33,0.358554246638728
"one_another",0.331,0.358518135196949
"one_another",0.332,0.358482356595115
"one_another",0.333,0.358446910010395
"one_another",0.334,0.358411794628089
"one_another",0.335,0.358377009641547
"one_another",0.336,0.358342554252104
"one_another",0.337,0.358308427669004
"one_another",0.338,0.358274629109326
"one_another",0.339,0.358241157797921
"one_another",0.34,0.358208012967338
"one_another",0.341,0.358175193857757
"one_another",0.342,0.358142699716924
"one_another",0.343,0.35811052980008
"one_another",0.344,0.358078683369903
"one_another",0.345,0.358047159696437
"one_another",0.346,0.358015958057032
"one_another",0.347,0.357985077736281
"one_another",0.348,0.357954518025958
"one_another",0.349,0.357924278224958
"one_another",0.35,0.357894357639235
"one_another",0.351,0.357864755581746
"one_another",0.352,0.357835471372389
"one_another",0.353,0.357806504337948
"one_another",0.354,0.357777853812039
"one_another",0.355,0.357749519135045
"one_another",0.356,0.357721499654072
"one_another",0.357,0.357693794722885
"one_another",0.358,0.357666403701861
"one_another",0.359,0.357639325957934
"one_another",0.36,0.357612560864541
"one_another",0.361,0.357586107801573
"one_another",0.362,0.357559966155322
"one_another",0.363,0.357534135318433
"one_another",0.364,0.357508614689853
"one_another",0.365,0.357483403674784
"one_another",0.366,0.357458501684634
"one_another",0.367,0.357433908136968
"one_another",0.368,0.357409622455464
"one_another",0.369,0.357385644069865
"one_another",0.37,0.357361972415935
"one_another",0.371,0.357338606935413
"one_another",0.372,0.357315547075969
"one_another",0.373,0.357292792291159
"one_another",0.374,0.357270342040385
"one_another",0.375,0.357248195788852
"one_another",0.376,0.357226353007522
"one_another",0.377,0.357204813173078
"one_another",0.378,0.35718357576788
"one_another",0.379,0.357162640279925
"one_another",0.38,0.35714200620281
"one_another",0.381,0.357121673035691
"one_another",0.382,0.357101640283242
"one_another",0.383,0.357081907455621
"one_another",0.384,0.357062474068432
"one_another",0.385,0.357043339642685
"one_another",0.386,0.357024503704763
"one_another",0.387,0.357005965786383
"one_another",0.388,0.356987725424563
"one_another",0.389,0.356969782161585
"one_another",0.39,0.356952135544963
"one_another",0.391,0.356934785127406
"one_another",0.392,0.356917730466786
"one_another",0.393,0.356900971126105
"one_another",0.394,0.356884506673463
"one_another",0.395,0.356868336682022
"one_another",0.396,0.356852460729981
"one_another",0.397,0.356836878400538
"one_another",0.398,0.356821589281862
"one_another",0.399,0.356806592967065
"one_another",0.4,0.356791889054166
"one_another",0.401,0.356777477146068
"one_another",0.402,0.356763356850524
"one_another",0.403,0.356749527780111
"one_another",0.404,0.3567359895522
"one_another",0.405,0.356722741788929
"one_another",0.406,0.356709784117175
"one_another",0.407,0.356697116168527
"one_another",0.408,0.35668473757926
"one_another",0.409,0.356672647990306
"one_another",0.41,0.356660847047233
"one_another",0.411,0.356649334400212
"one_another",0.412,0.356638109704001
"one_another",0.413,0.35662717261791
"one_another",0.414,0.356616522805786
"one_another",0.415,0.356606159935982
"one_another",0.416,0.356596083681335
"one_another",0.417,0.356586293719146
"one_another",0.418,0.356576789731152
"one_another",0.419,0.356567571403505
"one_another",0.42,0.356558638426751
"one_another",0.421,0.356549990495806
"one_another",0.422,0.356541627309937
"one_another",0.423,0.356533548572736
"one_another",0.424,0.356525753992103
"one_another",0.425,0.356518243280224
"one_another",0.426,0.356511016153548
"one_another",0.427,0.356504072332774
"one_another",0.428,0.356497411542821
"one_another",0.429,0.356491033512818
"one_another",0.43,0.356484937976079
"one_another",0.431,0.356479124670086
"one_another",0.432,0.35647359333647
"one_another",0.433,0.356468343720994
"one_another",0.434,0.356463375573532
"one_another",0.435,0.356458688648056
"one_another",0.436,0.356454282702614
"one_another",0.437,0.356450157499316
"one_another",0.438,0.356446312804314
"one_another",0.439,0.356442748387789
"one_another",0.44,0.356439464023934
"one_another",0.441,0.356436459490934
"one_another",0.442,0.356433734570958
"one_another",0.443,0.356431289050135
"one_another",0.444,0.356429122718546
"one_another",0.445,0.356427235370203
"one_another",0.446,0.356425626803039
"one_another",0.447,0.356424296818893
"one_another",0.448,0.356423245223494
"one_another",0.449,0.356422471826447
"one_another",0.45,0.356421976441222
"one_another",0.451,0.356421758885139
"one_another",0.452,0.356421818979355
"one_another",0.453,0.356422156548851
"one_another",0.454,0.356422771422421
"one_another",0.455,0.356423663432658
"one_another",0.456,0.35642483241594
"one_another",0.457,0.356426278212426
"one_another",0.458,0.356428000666033
"one_another",0.459,0.356429999624436
"one_another",0.46,0.356432274939047
"one_another",0.461,0.356434826465014
"one_another",0.462,0.3564376540612
"one_another",0.463,0.356440757590182
"one_another",0.464,0.356444136918234
"one_another",0.465,0.356447791915322
"one_another",0.466,0.356451722455089
"one_another",0.467,0.356455928414854
"one_another",0.468,0.356460409675591
"one_another",0.469,0.356465166121932
"one_another",0.47,0.35647019764215
"one_another",0.471,0.356475504128154
"one_another",0.472,0.356481085475481
"one_another",0.473,0.356486941583284
"one_another",0.474,0.35649307235433
"one_another",0.475,0.356499477694988
"one_another",0.476,0.356506157515224
"one_another",0.477,0.356513111728591
"one_another",0.478,0.356520340252225
"one_another",0.479,0.356527843006838
"one_another",0.48,0.356535619916708
"one_another",0.481,0.356543670909678
"one_another",0.482,0.356551995917146
"one_another",0.483,0.356560594874058
"one_another",0.484,0.356569467718907
"one_another",0.485,0.356578614393726
"one_another",0.486,0.356588034844078
"one_another",0.487,0.356597729019057
"one_another",0.488,0.356607696871282
"one_another",0.489,0.356617938356888
"one_another",0.49,0.356628453435528
"one_another",0.491,0.356639242070362
"one_another",0.492,0.356650304228061
"one_another",0.493,0.356661639878794
"one_another",0.494,0.356673248996232
"one_another",0.495,0.356685131557542
"one_another",0.496,0.356697287543381
"one_another",0.497,0.356709716937898
"one_another",0.498,0.356722419728726
"one_another",0.499,0.356735395906986
"one_another",0.5,0.356748645467278
"one_another",0.501,0.356762168407681
"one_another",0.502,0.356775964729754
"one_another",0.503,0.356790034438531
"one_another",0.504,0.356804377542518
"one_another",0.505,0.356818994053697
"one_another",0.506,0.356833883987521
"one_another",0.507,0.356849047362912
"one_another",0.508,0.356864484202264
"one_another",0.509,0.35688019453144
"one_another",0.51,0.356896178379771
"one_another",0.511,0.356912435780059
"one_another",0.512,0.356928966768572
"one_another",0.513,0.356945771385051
"one_another",0.514,0.356962849672703
"one_another",0.515,0.356980201678207
"one_another",0.516,0.356997827451714
"one_another",0.517,0.357015727046845
"one_another",0.518,0.357033900520697
"one_another",0.519,0.35705234793384
"one_another",0.52,0.357071069350321
"one_another",0.521,0.357090064837665
"one_another",0.522,0.357109334466879
"one_another",0.523,0.357128878312451
"one_another",0.524,0.357148696452355
"one_another",0.525,0.357168788968053
"one_another",0.526,0.357189155944498
"one_another",0.527,0.357209797470135
"one_another",0.528,0.357230713636909
"one_another",0.529,0.357251904540262
"one_another",0.53,0.357273370279144
"one_another",0.531,0.35729511095601
"one_another",0.532,0.357317126676829
"one_another",0.533,0.357339417551086
"one_another",0.534,0.357361983691787
"one_another",0.535,0.357384825215465
"one_another",0.536,0.357407942242182
"one_another",0.537,0.357431334895536
"one_another",0.538,0.357455003302668
"one_another",0.539,0.357478947594263
"one_another",0.54,0.357503167904562
"one_another",0.541,0.357527664371361
"one_another",0.542,0.357552437136024
"one_another",0.543,0.357577486343483
"one_another",0.544,0.35760281214225
"one_another",0.545,0.357628414684422
"one_another",0.546,0.357654294125686
"one_another",0.547,0.357680450625329
"one_another",0.548,0.357706884346244
"one_another",0.549,0.357733595454938
"one_another",0.55,0.357760584121541
"one_another",0.551,0.357787850519814
"one_another",0.552,0.357815394827154
"one_another",0.553,0.357843217224608
"one_another",0.554,0.357871317896878
"one_another",0.555,0.357899697032331
"one_another",0.556,0.35792835482301
"one_another",0.557,0.357957291464639
"one_another",0.558,0.35798650715664
"one_another",0.559,0.358016002102134
"one_another",0.56,0.358045776507961
"one_another",0.561,0.358075830584682
"one_another",0.562,0.358106164546594
"one_another",0.563,0.35813677861174
"one_another",0.564,0.358167673001922
"one_another",0.565,0.358198847942708
"one_another",0.566,0.358230303663449
"one_another",0.567,0.358262040397285
"one_another",0.568,0.358294058381163
"one_another",0.569,0.358326357855847
"one_another",0.57,0.358358939065928
"one_another",0.571,0.358391802259842
"one_another",0.572,0.358424947689879
"one_another",0.573,0.358458375612199
"one_another",0.574,0.358492086286842
"one_another",0.575,0.358526079977749
"one_another",0.576,0.358560356952767
"one_another",0.577,0.358594917483672
"one_another",0.578,0.358629761846176
"one_another",0.579,0.35866489031995
"one_another",0.58,0.358700303188633
"one_another",0.581,0.358736000739849
"one_another",0.582,0.358771983265226
"one_another",0.583,0.358808251060406
"one_another",0.584,0.358844804425068
"one_another",0.585,0.35888164366294
"one_another",0.586,0.358918769081819
"one_another",0.587,0.358956180993586
"one_another",0.588,0.358993879714223
"one_another",0.589,0.359031865563833
"one_another",0.59,0.35907013886666
"one_another",0.591,0.359108699951099
"one_another",0.592,0.359147549149726
"one_another",0.593,0.359186686799307
"one_another",0.594,0.359226113240824
"one_another",0.595,0.359265828819492
"one_another",0.596,0.359305833884779
"one_another",0.597,0.359346128790426
"one_another",0.598,0.359386713894468
"one_another",0.599,0.359427589559257
"one_another",0.6,0.359468756151479
"one_another",0.601,0.359510214042179
"one_another",0.602,0.35955196360678
"one_another",0.603,0.359594005225109
"one_another",0.604,0.359636339281417
"one_another",0.605,0.359678966164402
"one_another",0.606,0.359721886267231
"one_another",0.607,0.35976509998757
"one_another",0.608,0.359808607727597
"one_another",0.609,0.359852409894039
"one_another",0.61,0.359896506898185
"one_another",0.611,0.359940899155921
"one_another",0.612,0.359985587087746
"one_another",0.613,0.360030571118806
"one_another",0.614,0.360075851678917
"one_another",0.615,0.360121429202589
"one_another",0.616,0.360167304129058
"one_another",0.617,0.360213476902308
"one_another",0.618,0.360259947971105
"one_another",0.619,0.360306717789019
"one_another",0.62,0.360353786814456
"one_another",0.621,0.360401155510686
"one_another",0.622,0.360448824345874
"one_another",0.623,0.360496793793107
"one_another",0.624,0.360545064330427
"one_another",0.625,0.360593636440859
"one_another",0.626,0.360642510612445
"one_another",0.627,0.360691687338274
"one_another",0.628,0.360741167116513
"one_another",0.629,0.360790950450443
"one_another",0.63,0.360841037848488
"one_another",0.631,0.360891429824249
"one_another",0.632,0.360942126896543
"one_another",0.633,0.360993129589429
"one_another",0.634,0.361044438432249
"one_another",0.635,0.361096053959663
"one_another",0.636,0.361147976711681
"one_another",0.637,0.361200207233703
"one_another",0.638,0.361252746076554
"one_another",0.639,0.361305593796524
"one_another",0.64,0.361358750955402
"one_another",0.641,0.361412218120516
"one_another",0.642,0.361465995864775
"one_another",0.643,0.361520084766703
"one_another",0.644,0.361574485410483
"one_another",0.645,0.361629198385999
"one_another",0.646,0.361684224288872
"one_another",0.647,0.361739563720505
"one_another",0.648,0.361795217288127
"one_another",0.649,0.361851185604833
"one_another",0.65,0.361907469289628
"one_another",0.651,0.361964068967474
"one_another",0.652,0.362020985269331
"one_another",0.653,0.362078218832204
"one_another",0.654,0.362135770299191
"one_another",0.655,0.362193640319528
"one_another",0.656,0.362251829548634
"one_another",0.657,0.362310338648164
"one_another",0.658,0.362369168286055
"one_another",0.659,0.362428319136575
"one_another",0.66,0.362487791880375
"one_another",0.661,0.362547587204538
"one_another",0.662,0.362607705802631
"one_another",0.663,0.362668148374758
"one_another",0.664,0.362728915627613
"one_another",0.665,0.362790008274532
"one_another",0.666,0.362851427035553
"one_another",0.667,0.362913172637461
"one_another",0.668,0.362975245813857
"one_another",0.669,0.363037647305203
"one_another",0.67,0.363100377858888
"one_another",0.671,0.363163438229283
"one_another",0.672,0.363226829177802
"one_another",0.673,0.363290551472958
"one_another",0.674,0.363354605890431
"one_another",0.675,0.363418993213123
"one_another",0.676,0.363483714231228
"one_another",0.677,0.363548769742289
"one_another",0.678,0.363614160551266
"one_another",0.679,0.363679887470602
"one_another",0.68,0.363745951320288
"one_another",0.681,0.363812352927931
"one_another",0.682,0.363879093128825
"one_another",0.683,0.363946172766016
"one_another",0.684,0.364013592690376
"one_another",0.685,0.364081353760673
"one_another",0.686,0.364149456843644
"one_another",0.687,0.364217902814069
"one_another",0.688,0.364286692554844
"one_another",0.689,0.364355826957061
"one_another",0.69,0.36442530692008
"one_another",0.691,0.36449513335161
"one_another",0.692,0.364565307167788
"one_another",0.693,0.364635829293257
"one_another",0.694,0.364706700661251
"one_another",0.695,0.364777922213677
"one_another",0.696,0.364849494901199
"one_another",0.697,0.36492141968332
"one_another",0.698,0.364993697528473
"one_another",0.699,0.365066329414108
"one_another",0.7,0.36513931632678
"one_another",0.701,0.36521265926224
"one_another",0.702,0.365286359225528
"one_another",0.703,0.365360417231063
"one_another",0.704,0.365434834302743
"one_another",0.705,0.365509611474037
"one_another",0.706,0.365584749788084
"one_another",0.707,0.365660250297794
"one_another",0.708,0.365736114065945
"one_another",0.709,0.365812342165288
"one_another",0.71,0.36588893567865
"one_another",0.711,0.36596589569904
"one_another",0.712,0.366043223329755
"one_another",0.713,0.366120919684491
"one_another",0.714,0.36619898588745
"one_another",0.715,0.366277423073454
"one_another",0.716,0.366356232388062
"one_another",0.717,0.366435414987679
"one_another",0.718,0.36651497203968
"one_another",0.719,0.366594904722525
"one_another",0.72,0.366675214225884
"one_another",0.721,0.366755901750757
"one_another",0.722,0.366836968509602
"one_another",0.723,0.36691841572646
"one_another",0.724,0.367000244637084
"one_another",0.725,0.367082456489076
"one_another",0.726,0.367165052542011
"one_another",0.727,0.367248034067582
"one_another",0.728,0.367331402349731
"one_another",0.729,0.367415158684794
"one_another",0.73,0.36749930438164
"one_another",0.731,0.367583840761819
"one_another",0.732,0.367668769159705
"one_another",0.733,0.367754090922651
"one_another",0.734,0.367839807411136
"one_another",0.735,0.367925919998922
"one_another",0.736,0.368012430073213
"one_another",0.737,0.368099339034811
"one_another",0.738,0.368186648298282
"one_another",0.739,0.368274359292119
"one_another",0.74,0.368362473458911
"one_another",0.741,0.368450992255515
"one_another",0.742,0.368539917153229
"one_another",0.743,0.368629249637969
"one_another",0.744,0.368718991210446
"one_another",0.745,0.368809143386357
"one_another",0.746,0.368899707696561
"one_another",0.747,0.368990685687277
"one_another",0.748,0.369082078920273
"one_another",0.749,0.36917388897306
"one_another",0.75,0.369266117439097
"one_another",0.751,0.36935876592799
"one_another",0.752,0.369451836065699
"one_another",0.753,0.369545329494751
"one_another",0.754,0.369639247874451
"one_another",0.755,0.369733592881102
"one_another",0.756,0.369828366208227
"one_another",0.757,0.369923569566792
"one_another",0.758,0.37001920468544
"one_another",0.759,0.370115273310724
"one_another",0.76,0.370211777207343
"one_another",0.761,0.370308718158386
"one_another",0.762,0.370406097965583
"one_another",0.763,0.370503918449551
"one_another",0.764,0.370602181450055
"one_another",0.765,0.370700888826265
"one_another",0.766,0.370800042457028
"one_another",0.767,0.370899644241135
"one_another",0.768,0.370999696097597
"one_another",0.769,0.371100199965929
"one_another",0.77,0.371201157806436
"one_another",0.771,0.371302571600503
"one_another",0.772,0.371404443350899
"one_another",0.773,0.371506775082072
"one_another",0.774,0.371609568840468
"one_another",0.775,0.371712826694838
"one_another",0.776,0.371816550736566
"one_another",0.777,0.371920743079995
"one_another",0.778,0.372025405862759
"one_another",0.779,0.372130541246129
"one_another",0.78,0.372236151415356
"one_another",0.781,0.37234223858003
"one_another",0.782,0.372448804974437
"one_another",0.783,0.372555852857934
"one_another",0.784,0.372663384515322
"one_another",0.785,0.372771402257228
"one_another",0.786,0.372879908420505
"one_another",0.787,0.372988905368621
"one_another",0.788,0.37309839549208
"one_another",0.789,0.373208381208826
"one_another",0.79,0.373318864964679
"one_another",0.791,0.373429849233763
"one_another",0.792,0.37354133651895
"one_another",0.793,0.373653329352315
"one_another",0.794,0.373765830295597
"one_another",0.795,0.373878841940672
"one_another",0.796,0.373992366910032
"one_another",0.797,0.37410640785728
"one_another",0.798,0.374220967467634
"one_another",0.799,0.374336048458438
"one_another",0.8,0.374451653579691
"one_another",0.801,0.374567785614578
"one_another",0.802,0.374684447380023
"one_another",0.803,0.374801641727248
"one_another",0.804,0.374919371542346
"one_another",0.805,0.375037639746866
"one_another",0.806,0.375156449298412
"one_another",0.807,0.375275803191256
"one_another",0.808,0.375395704456962
"one_another",0.809,0.375516156165029
"one_another",0.81,0.375637161423544
"one_another",0.811,0.375758723379851
"one_another",0.812,0.37588084522124
"one_another",0.813,0.376003530175644
"one_another",0.814,0.37612678151236
"one_another",0.815,0.37625060254278
"one_another",0.816,0.376374996621148
"one_another",0.817,0.376499967145322
"one_another",0.818,0.376625517557569
"one_another",0.819,0.376751651345369
"one_another",0.82,0.376878372042238
"one_another",0.821,0.377005683228578
"one_another",0.822,0.377133588532545
"one_another",0.823,0.377262091630931
"one_another",0.824,0.377391196250078
"one_another",0.825,0.377520906166809
"one_another",0.826,0.377651225209385
"one_another",0.827,0.37778215725848
"one_another",0.828,0.377913706248189
"one_another",0.829,0.378045876167055
"one_another",0.83,0.378178671059124
"one_another",0.831,0.378312095025031
"one_another",0.832,0.378446152223104
"one_another",0.833,0.378580846870506
"one_another",0.834,0.378716183244406
"one_another",0.835,0.378852165683173
"one_another",0.836,0.37898879858761
"one_another",0.837,0.379126086422214
"one_another",0.838,0.379264033716477
"one_another",0.839,0.379402645066214
"one_another",0.84,0.379541925134929
"one_another",0.841,0.379681878655224
"one_another",0.842,0.379822510430238
"one_another",0.843,0.379963825335129
"one_another",0.844,0.380105828318598
"one_another",0.845,0.380248524404455
"one_another",0.846,0.380391918693227
"one_another",0.847,0.380536016363812
"one_another",0.848,0.380680822675178
"one_another",0.849,0.380826342968118
"one_another",0.85,0.380972582667043
"one_another",0.851,0.381119547281838
"one_another",0.852,0.381267242409763
"one_another",0.853,0.381415673737417
"one_another",0.854,0.381564847042755
"one_another",0.855,0.381714768197164
"one_another",0.856,0.381865443167607
"one_another",0.857,0.382016878018819
"one_another",0.858,0.382169078915587
"one_another",0.859,0.382322052125083
"one_another",0.86,0.382475804019273
"one_another",0.861,0.382630341077407
"one_another",0.862,0.382785669888579
"one_another",0.863,0.382941797154366
"one_another",0.864,0.383098729691556
"one_another",0.865,0.383256474434956
"one_another",0.866,0.383415038440295
"one_another",0.867,0.383574428887215
"one_another",0.868,0.383734653082363
"one_another",0.869,0.383895718462578
"one_another",0.87,0.384057632598191
"one_another",0.871,0.384220403196426
"one_another",0.872,0.384384038104914
"one_another",0.873,0.384548545315335
"one_another",0.874,0.384713932967167
"one_another",0.875,0.384880209351579
"one_another",0.876,0.38504738291544
"one_another",0.877,0.385215462265484
"one_another",0.878,0.385384456172607
"one_another",0.879,0.385554373576317
"one_another",0.88,0.385725223589348
"one_another",0.881,0.385897015502427
"one_another",0.882,0.386069758789222
"one_another",0.883,0.386243463111462
"one_another",0.884,0.386418138324249
"one_another",0.885,0.386593794481558
"one_another",0.886,0.386770441841949
"one_another",0.887,0.386948090874483
"one_another",0.888,0.387126752264871
"one_another",0.889,0.387306436921845
"one_another",0.89,0.387487155983781
"one_another",0.891,0.387668920825575
"one_another",0.892,0.387851743065787
"one_another",0.893,0.388035634574061
"one_another",0.894,0.388220607478844
"one_another",0.895,0.388406674175412
"one_another",0.896,0.388593847334217
"one_another",0.897,0.388782139909577
"one_another",0.898,0.388971565148713
"one_another",0.899,0.389162136601175
"one_another",0.9,0.389353868128647
"one_another",0.901,0.389546773915169
"one_another",0.902,0.389740868477802
"one_another",0.903,0.389936166677737
"one_another",0.904,0.390132683731895
"one_another",0.905,0.390330435225027
"one_another",0.906,0.390529437122358
"one_another",0.907,0.390729705782783
"one_another",0.908,0.390931257972664
"one_another",0.909,0.391134110880252
"one_another",0.91,0.391338282130771
"one_another",0.911,0.391543789802204
"one_another",0.912,0.39175065244181
"one_another",0.913,0.391958889083436
"one_another",0.914,0.392168519265642
"one_another",0.915,0.392379563050716
"one_another",0.916,0.392592041044603
"one_another",0.917,0.392805974417831
"one_another",0.918,0.393021384927472
"one_another",0.919,0.393238294940212
"one_another",0.92,0.393456727456601
"one_another",0.921,0.39367670613655
"one_another",0.922,0.39389825532616
"one_another",0.923,0.394121400085962
"one_another",0.924,0.394346166220668
"one_another",0.925,0.394572580310527
"one_another",0.926,0.394800669744393
"one_another",0.927,0.395030462754618
"one_another",0.928,0.395261988453906
"one_another",0.929,0.395495276874244
"one_another",0.93,0.395730359008071
"one_another",0.931,0.395967266851835
"one_another",0.932,0.396206033452118
"one_another",0.933,0.396446692954493
"one_another",0.934,0.396689280655351
"one_another",0.935,0.396933833056874
"one_another",0.936,0.397180387925435
"one_another",0.937,0.397428984353649
"one_another",0.938,0.397679662826387
"one_another",0.939,0.397932465291046
"one_another",0.94,0.398187435232422
"one_another",0.941,0.398444617752558
"one_another",0.942,0.398704059655974
"one_another",0.943,0.398965809540718
"one_another",0.944,0.399229917895749
"one_another",0.945,0.399496437205173
"one_another",0.946,0.399765422059951
"one_another",0.947,0.400036929277712
"one_another",0.948,0.400311018031427
"one_another",0.949,0.400587749987737
"one_another",0.95,0.400867189455829
"one_another",0.951,0.401149403547864
"one_another",0.952,0.401434462352057
"one_another",0.953,0.401722439119654
"one_another",0.954,0.402013410467164
"one_another",0.955,0.402307456595417
"one_another",0.956,0.40260466152715
"one_another",0.957,0.40290511336508
"one_another",0.958,0.403208904572649
"one_another",0.959,0.403516132279894
"one_another",0.96,0.403826898617245
"one_another",0.961,0.404141311080398
"one_another",0.962,0.404459482929845
"one_another",0.963,0.40478153362916
"one_another",0.964,0.405107589326676
"one_another",0.965,0.405437783385899
"one_another",0.966,0.405772256970764
"one_another",0.967,0.406111159692783
"one_another",0.968,0.406454650328185
"one_another",0.969,0.406802897614469
"one_another",0.97,0.407156081137283
"one_another",0.971,0.40751439232034
"one_another",0.972,0.407878035533267
"one_another",0.973,0.408247229334845
"one_another",0.974,0.40862220787221
"one_another",0.975,0.409003222460369
"one_another",0.976,0.409390543370947
"one_another",0.977,0.409784461864676
"one_another",0.978,0.410185292509014
"one_another",0.979,0.410593375830749
"one_another",0.98,0.411009081363972
"one_another",0.981,0.411432811166977
"one_another",0.982,0.411865003898171
"one_another",0.983,0.412306139562043
"one_another",0.984,0.412756745062962
"one_another",0.985,0.413217400738924
"one_another",0.986,0.413688748091896
"one_another",0.987,0.414171498989612
"one_another",0.988,0.414666446690519
"one_another",0.989,0.415174479145984
"one_another",0.99,0.415696595171979
"one_another",0.991,0.416233924270698
"one_another",0.992,0.41678775114261
"one_another",0.993,0.417359546293553
"one_another",0.994,0.417951004658969
"one_another",0.995,0.418564094915134
"one_another",0.996,0.419201123247278
"one_another",0.997,0.419864816995365
"one_another",0.998,0.420558436131194
"one_another",0.999,0.421285924503787
"one_another",1,0.422052119230773
