diagnostic,weighting,altered_dummy_it,holdout,controls_recovered,failures,pronoun_endpoint,pronoun_max,next_pronoun,next_pronoun_delta,compound_min,targets
all,equal_block_total,False,family,56,['it_dum'],it_dum,0.021559678758266032,they_sing,-0.10388833118685004,0.21603032070354256,"[{'lemma': 'each_other', 'd_pronoun': 0.753363309751842, 'd_compound': 0.6815694993430186, 'delta': 0.07179381040882338}, {'lemma': 'one_another', 'd_pronoun': 0.7601216628687412, 'd_compound': 0.6869940200268123, 'delta': 0.07312764284192885}]"
all,equal_block_total,False,item,56,['it_dum'],it_dum,0.017254673761724182,he,-0.12524841584718283,0.27253326480623874,"[{'lemma': 'each_other', 'd_pronoun': 0.753363309751842, 'd_compound': 0.6815694993430186, 'delta': 0.07179381040882338}, {'lemma': 'one_another', 'd_pronoun': 0.7601216628687412, 'd_compound': 0.6869940200268123, 'delta': 0.07312764284192885}]"
all,equal_block_total,True,family,56,['it_dum'],it_dum,0.02789135066417392,they_sing,-0.10521075359343268,0.2155653284193414,"[{'lemma': 'each_other', 'd_pronoun': 0.7537635018609803, 'd_compound': 0.6815694993430186, 'delta': 0.07219400251796171}, {'lemma': 'one_another', 'd_pronoun': 0.7604865574749536, 'd_compound': 0.6869940200268123, 'delta': 0.07349253744814133}]"
all,equal_block_total,True,item,56,['it_dum'],it_dum,0.023948282453593817,he,-0.12685093604989484,0.2720682725220376,"[{'lemma': 'each_other', 'd_pronoun': 0.7537635018609803, 'd_compound': 0.6815694993430186, 'delta': 0.07219400251796171}, {'lemma': 'one_another', 'd_pronoun': 0.7604865574749536, 'd_compound': 0.6869940200268123, 'delta': 0.07349253744814133}]"
all,equal_feature,False,family,57,[],it_dum,-0.03550448155958619,itself,-0.12805903106327354,0.19174699586656963,"[{'lemma': 'each_other', 'd_pronoun': 0.7088579692854635, 'd_compound': 0.6690820933080995, 'delta': 0.039775875977363984}, {'lemma': 'one_another', 'd_pronoun': 0.7228114730155731, 'd_compound': 0.6772670296559097, 'delta': 0.045544443359663456}]"
all,equal_feature,False,item,57,[],it_dum,-0.04299407694232049,itself,-0.1317315472947881,0.24681393504615323,"[{'lemma': 'each_other', 'd_pronoun': 0.7088579692854635, 'd_compound': 0.6690820933080995, 'delta': 0.039775875977363984}, {'lemma': 'one_another', 'd_pronoun': 0.7228114730155731, 'd_compound': 0.6772670296559097, 'delta': 0.045544443359663456}]"
all,equal_feature,True,family,57,[],it_dum,-0.029014676620764623,itself,-0.12805903106327354,0.19125326623291705,"[{'lemma': 'each_other', 'd_pronoun': 0.7092920559400119, 'd_compound': 0.6690820933080995, 'delta': 0.040209962631912344}, {'lemma': 'one_another', 'd_pronoun': 0.7231929431059338, 'd_compound': 0.6772670296559097, 'delta': 0.04592591345002417}]"
all,equal_feature,True,item,57,[],it_dum,-0.03637599829693361,itself,-0.13127198847125865,0.24632020541250066,"[{'lemma': 'each_other', 'd_pronoun': 0.7092920559400119, 'd_compound': 0.6690820933080995, 'delta': 0.040209962631912344}, {'lemma': 'one_another', 'd_pronoun': 0.7231929431059338, 'd_compound': 0.6772670296559097, 'delta': 0.04592591345002417}]"
no_components,equal_feature,False,family,57,[],it_dum,-0.030347811118239254,itself,-0.12958331815187563,0.22208719263382787,"[{'lemma': 'each_other', 'd_pronoun': 0.6803808378816427, 'd_compound': 0.6243745568368413, 'delta': 0.05600628104480143}, {'lemma': 'one_another', 'd_pronoun': 0.6803808378816427, 'd_compound': 0.6243745568368413, 'delta': 0.05600628104480143}]"
no_components,equal_feature,False,item,57,[],it_dum,-0.035721045405633034,itself,-0.13037297442517315,0.27208289928394636,"[{'lemma': 'each_other', 'd_pronoun': 0.6803808378816427, 'd_compound': 0.6243745568368413, 'delta': 0.05600628104480143}, {'lemma': 'one_another', 'd_pronoun': 0.6803808378816427, 'd_compound': 0.6243745568368413, 'delta': 0.05600628104480143}]"
no_morph,equal_block_total,False,family,56,['it_dum'],it_dum,0.02044842489151144,they_sing,-0.048640590561514485,0.1907818326355719,"[{'lemma': 'each_other', 'd_pronoun': 0.7248166149678301, 'd_compound': 0.7061545503014847, 'delta': 0.018662064666345457}, {'lemma': 'one_another', 'd_pronoun': 0.7248166149678301, 'd_compound': 0.7061545503014847, 'delta': 0.018662064666345457}]"
no_morph,equal_block_total,False,item,56,['it_dum'],it_dum,0.01660494759246156,he,-0.07015107869362636,0.24703488859330136,"[{'lemma': 'each_other', 'd_pronoun': 0.7248166149678301, 'd_compound': 0.7061545503014847, 'delta': 0.018662064666345457}, {'lemma': 'one_another', 'd_pronoun': 0.7248166149678301, 'd_compound': 0.7061545503014847, 'delta': 0.018662064666345457}]"
no_morph,equal_block_total,True,family,56,['it_dum'],it_dum,0.027985244781801977,they_sing,-0.05027161629547605,0.19021249178101907,"[{'lemma': 'each_other', 'd_pronoun': 0.72534809156638, 'd_compound': 0.7061545503014847, 'delta': 0.019193541264895364}, {'lemma': 'one_another', 'd_pronoun': 0.72534809156638, 'd_compound': 0.7061545503014847, 'delta': 0.019193541264895364}]"
no_morph,equal_block_total,True,item,56,['it_dum'],it_dum,0.024670030058506875,he,-0.07221057526113206,0.2464655477387485,"[{'lemma': 'each_other', 'd_pronoun': 0.72534809156638, 'd_compound': 0.7061545503014847, 'delta': 0.019193541264895364}, {'lemma': 'one_another', 'd_pronoun': 0.72534809156638, 'd_compound': 0.7061545503014847, 'delta': 0.019193541264895364}]"
no_morph,equal_feature,False,family,57,[],it_dum,-0.06692829446812099,their_plur,-0.15980833234096825,0.13237740967905365,"[{'lemma': 'each_other', 'd_pronoun': 0.6275402401733168, 'd_compound': 0.7039489084330575, 'delta': -0.07640866825974069}, {'lemma': 'one_another', 'd_pronoun': 0.6275402401733168, 'd_compound': 0.7039489084330575, 'delta': -0.07640866825974069}]"
no_morph,equal_feature,False,item,57,[],it_dum,-0.07457851680489425,its,-0.16725016470762066,0.18649923385197625,"[{'lemma': 'each_other', 'd_pronoun': 0.6275402401733168, 'd_compound': 0.7039489084330575, 'delta': -0.07640866825974069}, {'lemma': 'one_another', 'd_pronoun': 0.6275402401733168, 'd_compound': 0.7039489084330575, 'delta': -0.07640866825974069}]"
no_morph,equal_feature,True,family,57,[],it_dum,-0.057902263573205826,their_plur,-0.160621287595911,0.13171659026297777,"[{'lemma': 'each_other', 'd_pronoun': 0.6282054286433832, 'd_compound': 0.7039489084330575, 'delta': -0.07574347978967422}, {'lemma': 'one_another', 'd_pronoun': 0.6282054286433832, 'd_compound': 0.7039489084330575, 'delta': -0.07574347978967422}]"
no_morph,equal_feature,True,item,57,[],it_dum,-0.06530428985710535,its,-0.16665757211502807,0.18583841443590038,"[{'lemma': 'each_other', 'd_pronoun': 0.6282054286433832, 'd_compound': 0.7039489084330575, 'delta': -0.07574347978967422}, {'lemma': 'one_another', 'd_pronoun': 0.6282054286433832, 'd_compound': 0.7039489084330575, 'delta': -0.07574347978967422}]"
no_morph_no_particle_stress,equal_block_total,False,family,57,[],it_dum,-0.030954517538945403,itself,-0.08561042020826537,0.13607310373217096,"[{'lemma': 'each_other', 'd_pronoun': 0.6458833322290838, 'd_compound': 0.7061545503014847, 'delta': -0.06027121807240088}, {'lemma': 'one_another', 'd_pronoun': 0.6458833322290838, 'd_compound': 0.7061545503014847, 'delta': -0.06027121807240088}]"
no_morph_no_particle_stress,equal_block_total,False,item,57,[],it_dum,-0.042935737833236676,itself,-0.09447367527971462,0.1923261596899004,"[{'lemma': 'each_other', 'd_pronoun': 0.6458833322290838, 'd_compound': 0.7061545503014847, 'delta': -0.06027121807240088}, {'lemma': 'one_another', 'd_pronoun': 0.6458833322290838, 'd_compound': 0.7061545503014847, 'delta': -0.06027121807240088}]"
no_morph_no_phon,equal_block_total,False,family,57,[],it_dum,-0.06978653011630909,itself,-0.1432933037129247,0.09988699464078754,"[{'lemma': 'each_other', 'd_pronoun': 0.5934547201754283, 'd_compound': 0.7061545503014847, 'delta': -0.11269983012605633}, {'lemma': 'one_another', 'd_pronoun': 0.5934547201754283, 'd_compound': 0.7061545503014847, 'delta': -0.11269983012605633}]"
no_morph_no_phon,equal_block_total,False,item,57,[],it_dum,-0.07885534946729811,itself,-0.14783034252152438,0.156140050598517,"[{'lemma': 'each_other', 'd_pronoun': 0.5934547201754283, 'd_compound': 0.7061545503014847, 'delta': -0.11269983012605633}, {'lemma': 'one_another', 'd_pronoun': 0.5934547201754283, 'd_compound': 0.7061545503014847, 'delta': -0.11269983012605633}]"
no_morph_no_phon,equal_feature,False,family,57,[],it_dum,-0.07849312585154689,itself,-0.1551263372234657,0.1229307412057804,"[{'lemma': 'each_other', 'd_pronoun': 0.6126302625172071, 'd_compound': 0.7039489084330575, 'delta': -0.09131864591585037}, {'lemma': 'one_another', 'd_pronoun': 0.6126302625172071, 'd_compound': 0.7039489084330575, 'delta': -0.09131864591585037}]"
no_morph_no_phon,equal_feature,False,item,57,[],it_dum,-0.08665740506892372,its,-0.15586924036521765,0.177052565378703,"[{'lemma': 'each_other', 'd_pronoun': 0.6126302625172071, 'd_compound': 0.7039489084330575, 'delta': -0.09131864591585037}, {'lemma': 'one_another', 'd_pronoun': 0.6126302625172071, 'd_compound': 0.7039489084330575, 'delta': -0.09131864591585037}]"
no_other16_morph,equal_feature,False,family,57,[],it_dum,-0.06678683265550611,their_plur,-0.15283538373211425,0.11304177864881926,"[{'lemma': 'each_other', 'd_pronoun': 0.6700359394563651, 'd_compound': 0.7435977386970984, 'delta': -0.07356179924073336}, {'lemma': 'one_another', 'd_pronoun': 0.6904727334140334, 'd_compound': 0.7489448089299923, 'delta': -0.0584720755159589}]"
no_other16_morph,equal_feature,False,item,57,[],it_dum,-0.07710385199207959,its,-0.1595913896970398,0.17200288049691803,"[{'lemma': 'each_other', 'd_pronoun': 0.6700359394563651, 'd_compound': 0.7435977386970984, 'delta': -0.07356179924073336}, {'lemma': 'one_another', 'd_pronoun': 0.6904727334140334, 'd_compound': 0.7489448089299923, 'delta': -0.0584720755159589}]"
no_phon,equal_block_total,False,family,57,[],it_dum,-0.04510854178166546,itself,-0.11887787350144607,0.1506000962740619,"[{'lemma': 'each_other', 'd_pronoun': 0.6629544041078762, 'd_compound': 0.6815694993430186, 'delta': -0.018615095235142376}, {'lemma': 'one_another', 'd_pronoun': 0.6751614154372615, 'd_compound': 0.6869940200268123, 'delta': -0.011832604589550821}]"
no_phon,equal_block_total,False,item,57,[],it_dum,-0.053740283053896,itself,-0.12351023121613869,0.20710304037675809,"[{'lemma': 'each_other', 'd_pronoun': 0.6629544041078762, 'd_compound': 0.6815694993430186, 'delta': -0.018615095235142376}, {'lemma': 'one_another', 'd_pronoun': 0.6751614154372615, 'd_compound': 0.6869940200268123, 'delta': -0.011832604589550821}]"
no_remaining13_morph,equal_feature,False,family,57,[],it_dum,-0.038813803376718026,itself,-0.1159144054862088,0.1681273070213306,"[{'lemma': 'each_other', 'd_pronoun': 0.6832047010762244, 'd_compound': 0.6807958084273874, 'delta': 0.0024088926488370355}, {'lemma': 'one_another', 'd_pronoun': 0.70113131519777, 'd_compound': 0.6886910398081394, 'delta': 0.012440275389630662}]"
no_remaining13_morph,equal_feature,False,item,57,[],it_dum,-0.048220763581160786,itself,-0.12006849369819617,0.22283360332727903,"[{'lemma': 'each_other', 'd_pronoun': 0.6832047010762244, 'd_compound': 0.6807958084273874, 'delta': 0.0024088926488370355}, {'lemma': 'one_another', 'd_pronoun': 0.70113131519777, 'd_compound': 0.6886910398081394, 'delta': 0.012440275389630662}]"
no_shared3_morph,equal_feature,False,family,57,[],it_dum,-0.05864245182002703,itself,-0.1643818181700909,0.1412306074481423,"[{'lemma': 'each_other', 'd_pronoun': 0.700601342052168, 'd_compound': 0.7289627163974888, 'delta': -0.028361374345320822}, {'lemma': 'one_another', 'd_pronoun': 0.7160466911578556, 'd_compound': 0.734838436812121, 'delta': -0.018791745654265446}]"
no_shared3_morph,equal_feature,False,item,57,[],it_dum,-0.0668028906434488,itself,-0.1699753112734136,0.20048220199011801,"[{'lemma': 'each_other', 'd_pronoun': 0.700601342052168, 'd_compound': 0.7289627163974888, 'delta': -0.028361374345320822}, {'lemma': 'one_another', 'd_pronoun': 0.7160466911578556, 'd_compound': 0.734838436812121, 'delta': -0.018791745654265446}]"
